Date,Open,High,Low,Close,Adj Close,Volume
09-May-25,17.72,17.76,17.41,17.49,17.49,"8,642,400"
08-May-25,17.67,17.77,17.45,17.49,17.49,"11,433,300"
07-May-25,17.69,17.76,17.63,17.71,17.71,"5,479,000"
06-May-25,17.85,17.99,17.74,17.77,17.77,"8,333,400"
05-May-25,17.84,17.98,17.84,17.85,17.85,"5,659,500"
02-May-25,17.87,18.02,17.87,17.88,17.88,"8,940,500"
01-May-25,17.72,17.76,17.59,17.6,17.6,"7,752,700"
30-Apr-25,17.55,17.62,17.29,17.6,17.6,"7,085,500"
29-Apr-25,17.43,17.65,17.36,17.57,17.57,"7,769,600"
28-Apr-25,17.36,17.45,17.15,17.33,17.33,"7,546,900"
25-Apr-25,17.4,17.44,17.26,17.4,17.4,"7,574,000"
24-Apr-25,17.27,17.45,17.24,17.36,17.36,"10,165,700"
23-Apr-25,17.36,17.55,17.18,17.23,17.23,"12,569,300"
22-Apr-25,16.66,16.93,16.66,16.86,16.86,"10,459,300"
21-Apr-25,16.86,16.88,16.39,16.58,16.58,"20,614,300"
17-Apr-25,16.22,16.45,15.82,16.14,16.14,"20,714,100"
16-Apr-25,16.6,16.85,16.53,16.58,16.58,"21,244,700"
15-Apr-25,16.89,17.06,16.86,17.03,17.03,"16,826,200"
14-Apr-25,17.17,17.17,16.88,17.01,17.01,"20,142,000"
11-Apr-25,16.76,16.95,16.48,16.88,16.88,"15,133,500"
10-Apr-25,17.26,17.31,16.5,16.98,16.98,"25,884,800"
09-Apr-25,16.15,17.77,16.15,17.66,17.66,"20,797,800"
08-Apr-25,17.04,17.17,16.23,16.42,16.42,"12,944,700"
07-Apr-25,16.41,17.43,16.35,16.78,16.78,"23,309,900"
04-Apr-25,16.8,16.9,16.5,16.58,16.58,"19,389,000"
03-Apr-25,17.56,17.75,17.28,17.35,17.35,"16,271,300"
02-Apr-25,18.15,18.43,18.12,18.39,18.39,"9,782,300"
01-Apr-25,18.19,18.21,17.95,18.2,18.2,"13,574,900"
31-Mar-25,18,18.29,17.87,18.25,18.25,"12,408,200"
28-Mar-25,18.37,18.48,18.11,18.17,18.17,"7,866,100"
27-Mar-25,18.7,18.78,18.6,18.67,18.67,"6,249,500"
26-Mar-25,18.62,18.79,18.6,18.66,18.66,"7,391,100"
25-Mar-25,18.89,19.02,18.79,18.83,18.83,"11,605,900"
24-Mar-25,18.63,18.63,18.5,18.59,18.59,"7,515,800"
21-Mar-25,18.41,18.43,18.17,18.32,18.32,"18,677,600"
20-Mar-25,18.33,18.39,17.9,18.06,18.06,"19,376,100"
19-Mar-25,18.54,18.67,18.44,18.57,18.57,"9,710,800"
18-Mar-25,18.69,18.69,18.39,18.45,18.45,"13,070,400"
17-Mar-25,18.59,18.7,18.39,18.57,18.57,"10,044,500"
14-Mar-25,18.38,18.46,18.26,18.4,18.4,"7,767,300"
13-Mar-25,18.5,18.59,18.26,18.29,18.29,"10,913,500"
12-Mar-25,18.49,18.65,18.34,18.5,18.5,"15,292,400"
11-Mar-25,19.13,19.2,18.81,18.97,18.97,"17,695,000"
10-Mar-25,19.75,19.79,19.36,19.44,19.44,"14,185,200"
07-Mar-25,19.6,19.87,19.51,19.86,19.86,"15,923,200"
06-Mar-25,19.98,20.03,19.68,19.75,19.75,"11,306,000"
05-Mar-25,20.08,20.19,19.92,20.06,20.06,"12,466,000"
04-Mar-25,19.66,19.93,19.56,19.71,19.71,"13,778,200"
03-Mar-25,20.07,20.19,19.79,19.83,19.83,"9,916,000"
28-Feb-25,19.84,20.1,19.7,20.1,20.1,"17,385,600"
27-Feb-25,20.76,20.8,20.49,20.5,20.5,"10,206,600"
26-Feb-25,20.78,20.97,20.72,20.77,20.77,"9,233,300"
25-Feb-25,20.75,20.82,20.61,20.77,20.77,"9,215,000"
24-Feb-25,20.66,20.85,20.62,20.83,20.83,"12,509,400"
21-Feb-25,21.19,21.28,21.1,21.17,21.17,"13,778,200"
20-Feb-25,21.27,21.37,21.13,21.35,21.35,"10,776,600"
19-Feb-25,21.19,21.21,21,21.21,21.21,"11,414,600"
18-Feb-25,21.47,21.47,21.17,21.41,21.41,"10,779,700"
14-Feb-25,21.73,21.75,21.54,21.57,21.57,"7,038,100"
13-Feb-25,21.58,21.76,21.5,21.74,21.74,"9,916,700"
12-Feb-25,21.59,21.75,21.51,21.75,21.75,"5,914,200"
11-Feb-25,21.75,21.99,21.64,21.97,21.97,"8,557,800"
10-Feb-25,21.8,21.88,21.71,21.87,21.87,"9,249,900"
07-Feb-25,22.19,22.19,21.65,21.83,21.83,"9,618,000"
06-Feb-25,22.38,22.4,22.09,22.24,22.24,"9,375,200"
05-Feb-25,22.12,22.33,22.02,22.31,22.31,"9,910,900"
04-Feb-25,22,22.4,22,22.38,22.38,"9,778,200"
03-Feb-25,21.58,22.09,21.58,21.99,21.99,"10,983,000"
31-Jan-25,21.92,22.05,21.82,21.95,21.95,"9,751,700"
30-Jan-25,21.73,22.07,21.7,21.82,21.82,"6,800,600"
29-Jan-25,21.74,21.82,21.59,21.7,21.7,"8,351,400"
28-Jan-25,21.41,21.56,21.32,21.53,21.53,"14,719,300"
27-Jan-25,21.23,21.63,21.23,21.54,21.54,"9,588,900"
24-Jan-25,21.74,21.85,21.67,21.68,21.68,"7,612,600"
23-Jan-25,21.58,21.8,21.52,21.78,21.78,"10,751,800"
22-Jan-25,21.44,21.69,21.33,21.61,21.61,"9,311,600"
21-Jan-25,21.1,21.17,20.93,21.15,21.15,"18,004,300"
17-Jan-25,21.24,21.5,21.11,21.19,21.19,"13,512,700"
16-Jan-25,22.6,22.6,21.31,21.57,21.57,"22,922,700"
15-Jan-25,22.72,22.97,22.64,22.89,22.89,"9,229,900"
14-Jan-25,22.58,22.7,22.49,22.51,22.51,"13,923,400"
13-Jan-25,22.52,22.78,22.48,22.69,22.69,"11,561,800"
10-Jan-25,22.85,23.19,22.7,22.7,22.7,"7,409,000"
08-Jan-25,22.59,22.81,22.55,22.78,22.78,"6,199,700"
07-Jan-25,22.67,22.88,22.53,22.61,22.61,"5,150,400"
06-Jan-25,22.58,22.81,22.58,22.75,22.75,"4,862,600"
03-Jan-25,22.52,22.66,22.45,22.63,22.63,"3,810,700"
02-Jan-25,22.75,22.82,22.49,22.62,22.62,"6,556,200"
31-Dec-24,22.15,22.19,21.89,21.92,21.92,"2,304,300"
30-Dec-24,22.22,22.22,21.89,22.1,22.1,"4,830,800"
27-Dec-24,22.59,22.7,22.3,22.48,22.48,"4,339,900"
26-Dec-24,22.64,22.76,22.6,22.64,22.64,"3,440,300"
24-Dec-24,22.58,22.82,22.55,22.77,22.77,"2,051,600"
23-Dec-24,22.73,22.84,22.51,22.78,22.78,"3,622,600"
20-Dec-24,22.63,22.97,22.44,22.73,22.73,"12,356,700"
19-Dec-24,23.18,23.62,23.1,23.42,23.42,"9,178,400"
18-Dec-24,23.13,23.29,22.62,22.65,22.65,"6,071,000"
17-Dec-24,23.33,23.38,23.12,23.13,23.13,"3,890,600"
16-Dec-24,23.35,23.58,23.31,23.35,23.35,"9,862,100"
13-Dec-24,23.52,23.63,23.28,23.4,23.4,"4,443,500"
12-Dec-24,23.37,23.47,23.15,23.25,23.25,"5,750,900"
11-Dec-24,23.24,23.51,23.19,23.36,23.36,"6,193,400"
10-Dec-24,23.13,23.38,22.96,23.24,23.24,"6,600,900"
09-Dec-24,23.01,23.41,23.01,23.16,23.16,"6,292,000"
06-Dec-24,22.88,22.98,22.8,22.86,22.86,"4,709,600"
05-Dec-24,22.76,23.09,22.75,22.86,22.86,"5,984,600"
04-Dec-24,22.34,22.61,22.27,22.52,22.52,"5,866,400"
03-Dec-24,22.29,22.4,22.03,22.12,22.12,"8,215,700"
02-Dec-24,22.11,22.28,22.01,22.2,22.2,"5,836,200"
29-Nov-24,22.14,22.24,22,22.07,22.07,"5,620,900"
27-Nov-24,23.01,23.12,22.57,22.74,22.74,"9,141,100"
26-Nov-24,22.94,23.2,22.9,23.18,23.18,"7,339,500"
25-Nov-24,22.48,22.88,22.45,22.84,22.84,"11,805,800"
22-Nov-24,22.41,22.81,22.3,22.79,22.79,"8,678,600"
21-Nov-24,21.82,22.04,21.77,21.96,21.96,"6,121,500"
20-Nov-24,22,22.03,21.8,21.99,21.99,"7,812,600"
19-Nov-24,21.43,21.95,21.43,21.73,21.73,"6,033,100"
18-Nov-24,21.33,21.67,21.27,21.6,21.6,"4,816,400"
15-Nov-24,21.71,21.75,21.37,21.53,21.53,"7,650,200"
14-Nov-24,21.94,22.03,21.81,21.82,21.82,"6,169,200"
13-Nov-24,21.98,22.06,21.8,22.04,22.04,"5,432,100"
12-Nov-24,22.02,22.17,21.99,22.02,22.02,"3,848,800"
11-Nov-24,21.88,22.13,21.77,22.04,22.04,"6,092,100"
08-Nov-24,21.66,22,21.66,21.75,21.75,"7,743,000"
07-Nov-24,21.44,21.66,21.34,21.65,21.65,"12,341,100"
06-Nov-24,21.51,21.6,21.2,21.4,21.4,"17,779,900"
05-Nov-24,20.78,20.81,20.66,20.71,20.71,"9,558,400"
04-Nov-24,20.76,20.88,20.65,20.72,20.72,"11,936,900"
01-Nov-24,20.88,21.04,20.76,20.76,20.76,"9,285,500"
31-Oct-24,21.04,21.08,20.87,20.91,20.91,"8,615,100"
30-Oct-24,21.52,21.56,21.11,21.12,21.12,"8,486,700"
29-Oct-24,21.68,21.97,21.63,21.77,21.77,"8,789,300"
28-Oct-24,22.21,22.22,22.05,22.07,21.82,"3,887,200"
25-Oct-24,22.05,22.09,21.87,21.89,21.64,"6,572,800"
24-Oct-24,22.21,22.32,22.02,22.05,21.8,"7,199,600"
23-Oct-24,22.18,22.37,22.11,22.21,21.96,"4,532,000"
22-Oct-24,22.05,22.25,22.05,22.16,21.91,"5,733,800"
21-Oct-24,21.99,22.28,21.98,22.2,21.95,"10,411,900"
18-Oct-24,22.39,22.54,22.22,22.51,22.26,"11,307,600"
17-Oct-24,22.18,22.73,22.02,22.66,22.4,"16,539,000"
16-Oct-24,22.76,22.93,22.7,22.9,22.64,"13,868,500"
15-Oct-24,23.18,23.28,22.97,23.02,22.76,"10,562,700"
14-Oct-24,23.28,23.45,23.2,23.36,23.1,"7,100,000"
11-Oct-24,22.83,22.99,22.78,22.93,22.67,"5,065,600"
10-Oct-24,22.63,22.73,22.45,22.65,22.39,"7,665,900"
09-Oct-24,23.32,23.38,23.21,23.27,23.01,"4,269,500"
08-Oct-24,23.14,23.36,23.08,23.32,23.06,"7,722,500"
07-Oct-24,22.73,23.07,22.72,22.91,22.65,"7,549,400"
04-Oct-24,22.61,22.88,22.59,22.79,22.53,"9,261,000"
03-Oct-24,22.19,22.43,22.19,22.41,22.16,"7,816,800"
02-Oct-24,22.36,22.44,22.17,22.32,22.07,"5,273,100"
01-Oct-24,22.42,22.52,22.27,22.39,22.14,"8,366,500"
30-Sep-24,22.28,22.42,22.08,22.27,22.02,"11,576,900"
27-Sep-24,22.62,22.7,22.34,22.39,22.14,"9,702,000"
26-Sep-24,23.05,23.26,22.86,22.96,22.7,"10,927,900"
25-Sep-24,22.51,22.61,22.45,22.56,22.3,"9,151,500"
24-Sep-24,22.62,22.72,22.46,22.58,22.32,"7,015,300"
23-Sep-24,22.72,22.73,22.49,22.69,22.43,"4,900,300"
20-Sep-24,22.64,22.9,22.61,22.85,22.59,"21,841,100"
19-Sep-24,22.73,22.81,22.62,22.69,22.43,"6,281,100"
18-Sep-24,22.48,22.7,22.39,22.48,22.23,"7,051,700"
17-Sep-24,23.28,23.42,22.82,22.97,22.71,"10,352,700"
16-Sep-24,23.2,23.29,23.05,23.19,22.93,"6,747,300"
13-Sep-24,23.27,23.33,23.15,23.2,22.94,"5,273,400"
12-Sep-24,23.25,23.33,23.08,23.25,22.99,"5,643,300"
11-Sep-24,22.89,22.95,22.56,22.92,22.66,"5,590,600"
10-Sep-24,22.77,22.93,22.65,22.93,22.67,"6,484,400"
09-Sep-24,22.76,22.76,22.56,22.62,22.36,"4,585,000"
06-Sep-24,22.82,22.92,22.49,22.54,22.28,"7,517,300"
05-Sep-24,23.03,23.2,22.85,22.9,22.64,"6,270,100"
04-Sep-24,22.86,23.1,22.83,23.06,22.8,"5,558,000"
03-Sep-24,23.18,23.33,22.89,22.98,22.72,"5,793,200"
30-Aug-24,23.29,23.37,23.13,23.28,23.02,"6,375,000"
29-Aug-24,23.01,23.32,23.01,23.2,22.94,"5,756,200"
28-Aug-24,23.02,23.48,22.97,23,22.74,"7,492,200"
27-Aug-24,22.56,22.91,22.53,22.8,22.54,"8,258,200"
26-Aug-24,22.31,22.5,22.31,22.44,22.19,"4,569,000"
23-Aug-24,22.35,22.41,22.15,22.34,22.09,"4,428,500"
22-Aug-24,22.41,22.51,22.31,22.34,22.09,"4,273,000"
21-Aug-24,22.38,22.58,22.37,22.57,22.31,"7,843,700"
20-Aug-24,22.27,22.39,22.19,22.31,22.06,"5,588,900"
19-Aug-24,22.09,22.31,22.05,22.26,22.01,"5,276,900"
16-Aug-24,22,22.07,21.9,22.01,21.76,"5,219,100"
15-Aug-24,21.89,22,21.81,21.83,21.58,"6,838,200"
14-Aug-24,21.61,21.77,21.56,21.75,21.5,"5,350,300"
13-Aug-24,21.38,21.67,21.38,21.59,21.35,"7,691,800"
12-Aug-24,21.31,21.45,21.21,21.31,21.07,"11,669,500"
09-Aug-24,21.23,21.42,21.14,21.3,21.06,"7,794,500"
08-Aug-24,20.9,21.17,20.88,21.14,20.9,"8,243,300"
07-Aug-24,21.29,21.43,20.95,20.97,20.73,"8,944,600"
06-Aug-24,20.97,21.09,20.89,20.99,20.75,"9,996,700"
05-Aug-24,20.54,21.03,20.38,20.8,20.56,"14,844,400"
02-Aug-24,21.83,21.85,21.48,21.77,21.52,"10,940,900"
01-Aug-24,22.29,22.44,22.17,22.3,22.05,"10,759,600"
31-Jul-24,22.57,22.65,21.75,22.13,21.88,"18,250,700"
30-Jul-24,22.55,22.68,22.5,22.61,22.35,"6,682,900"
29-Jul-24,22.63,22.72,22.51,22.6,22.34,"8,940,800"
26-Jul-24,22.46,22.94,22.44,22.79,22.53,"15,980,100"
25-Jul-24,21.79,22.13,21.79,22.01,21.76,"11,403,500"
24-Jul-24,21.87,22.11,21.83,21.86,21.61,"7,859,100"
23-Jul-24,21.86,22.1,21.73,22.08,21.83,"9,992,300"
22-Jul-24,21.68,21.79,21.46,21.79,21.54,"8,459,600"
19-Jul-24,21.31,21.87,21.31,21.68,21.43,"16,443,500"
18-Jul-24,21.66,22.61,21.52,22.25,22,"42,176,100"
17-Jul-24,20.54,20.68,20.46,20.53,20.3,"14,389,200"
16-Jul-24,20.51,20.66,20.47,20.66,20.43,"7,137,500"
15-Jul-24,20.17,20.41,20.17,20.31,20.08,"11,641,700"
12-Jul-24,20.16,20.46,20.13,20.4,20.17,"10,583,500"
11-Jul-24,19.64,20.07,19.59,19.89,19.66,"14,459,300"
10-Jul-24,19.45,19.51,19.16,19.37,19.15,"16,768,700"
09-Jul-24,19.58,19.59,19.29,19.3,19.08,"12,586,700"
08-Jul-24,19.61,19.63,19.47,19.5,19.28,"10,910,900"
05-Jul-24,19.45,19.57,19.35,19.43,19.21,"7,709,600"
03-Jul-24,19.29,19.43,19.28,19.37,19.15,"7,252,400"
02-Jul-24,19.1,19.26,19.04,19.23,19.01,"10,531,700"
01-Jul-24,18.88,18.95,18.71,18.76,18.55,"8,064,200"
28-Jun-24,18.69,18.74,18.54,18.62,18.41,"9,520,300"
27-Jun-24,18.62,18.7,18.55,18.63,18.42,"8,949,300"
26-Jun-24,18.29,18.35,18.16,18.22,18.01,"8,693,400"
25-Jun-24,18.26,18.36,18.16,18.34,18.13,"8,733,100"
24-Jun-24,17.99,18.19,17.96,18.14,17.93,"5,758,800"
21-Jun-24,18.21,18.24,17.9,18.06,17.86,"22,822,100"
20-Jun-24,18.42,18.48,18.16,18.27,18.06,"17,345,600"
18-Jun-24,17.98,18.07,17.88,17.91,17.71,"10,828,100"
17-Jun-24,17.77,17.99,17.73,17.94,17.74,"6,348,700"
14-Jun-24,17.68,17.81,17.62,17.79,17.59,"6,694,600"
13-Jun-24,17.85,17.9,17.74,17.81,17.61,"6,851,000"
12-Jun-24,17.8,17.91,17.75,17.86,17.66,"6,033,900"
11-Jun-24,17.81,17.82,17.6,17.79,17.59,"5,756,500"
10-Jun-24,17.71,17.87,17.65,17.84,17.64,"6,404,300"
07-Jun-24,18.06,18.17,17.91,18.01,17.81,"11,158,200"
06-Jun-24,17.43,17.55,17.39,17.54,17.34,"7,386,000"
05-Jun-24,17.09,17.18,17,17.15,16.96,"7,513,200"
04-Jun-24,16.69,16.8,16.56,16.8,16.61,"8,822,800"
03-Jun-24,16.87,16.9,16.68,16.85,16.66,"8,585,300"
31-May-24,16.73,16.82,16.43,16.75,16.56,"14,253,800"
30-May-24,16.91,16.96,16.77,16.87,16.35,"11,351,700"
29-May-24,17.12,17.15,17,17.03,16.5,"8,563,800"
28-May-24,17.31,17.39,17.27,17.32,16.78,"11,508,000"
24-May-24,17.4,17.48,17.33,17.36,16.82,"9,241,000"
23-May-24,17.44,17.52,17.37,17.4,16.86,"9,249,300"
22-May-24,17.26,17.31,17.19,17.27,16.74,"8,385,600"
21-May-24,17.06,17.11,17,17.01,16.48,"7,889,700"
20-May-24,17.16,17.22,17.11,17.13,16.6,"6,096,100"
17-May-24,17.15,17.17,17.02,17.13,16.6,"7,986,000"
16-May-24,17.21,17.29,17.15,17.24,16.71,"10,753,400"
15-May-24,17.02,17.13,16.86,17.05,16.52,"4,019,700"
14-May-24,17,17.01,16.86,16.95,16.43,"9,395,500"
13-May-24,16.94,17.04,16.89,16.92,16.4,"5,923,300"
10-May-24,16.94,16.96,16.79,16.87,16.35,"10,340,700"
09-May-24,17.04,17.06,16.89,16.97,16.44,"12,308,400"
08-May-24,16.99,17.14,16.9,17.09,16.56,"4,739,100"
07-May-24,17.06,17.19,16.99,17.13,16.6,"8,843,200"
06-May-24,17,17.04,16.95,16.97,16.44,"4,209,700"
03-May-24,16.92,16.99,16.86,16.93,16.41,"4,035,300"
02-May-24,16.85,16.91,16.63,16.87,16.35,"8,716,700"
01-May-24,16.72,16.89,16.68,16.77,16.25,"6,966,200"
30-Apr-24,16.93,16.95,16.71,16.71,16.19,"11,349,100"
29-Apr-24,16.95,17.09,16.93,16.97,16.44,"7,426,500"
26-Apr-24,17.11,17.13,16.88,16.94,16.42,"8,845,000"
25-Apr-24,17.02,17.1,16.83,17.01,16.48,"10,657,300"
24-Apr-24,17.16,17.23,16.93,17.04,16.51,"10,685,000"
23-Apr-24,17.3,17.37,17.13,17.16,16.63,"8,832,400"
22-Apr-24,17.05,17.39,16.96,17.3,16.76,"19,944,700"
19-Apr-24,16.76,16.95,16.68,16.81,16.29,"16,181,900"
18-Apr-24,16.26,16.9,16.04,16.51,16,"31,702,900"
17-Apr-24,17.14,17.18,16.87,16.95,16.43,"17,034,100"
16-Apr-24,16.98,17.19,16.98,17.05,16.52,"13,033,300"
15-Apr-24,17.69,17.71,17.26,17.27,16.74,"11,374,300"
12-Apr-24,17.78,17.86,17.53,17.72,17.17,"17,657,700"
11-Apr-24,18.14,18.14,17.85,17.94,17.38,"13,389,200"
10-Apr-24,18,18.08,17.86,18,17.44,"11,553,000"
09-Apr-24,18.03,18.27,18.01,18.19,17.63,"13,467,900"
08-Apr-24,17.74,17.96,17.73,17.86,17.31,"8,716,600"
05-Apr-24,17.7,17.85,17.65,17.83,17.28,"5,967,200"
04-Apr-24,17.74,18.02,17.65,17.75,17.2,"12,716,500"
03-Apr-24,17.55,17.82,17.52,17.72,17.17,"8,871,400"
02-Apr-24,17.43,17.61,17.39,17.58,17.04,"12,687,000"
01-Apr-24,17.89,17.92,17.5,17.58,17.04,"14,601,600"
28-Mar-24,17.79,17.99,17.79,17.93,17.37,"7,019,600"
27-Mar-24,17.83,17.84,17.68,17.79,17.24,"6,074,600"
26-Mar-24,17.71,17.82,17.64,17.75,17.2,"10,500,900"
25-Mar-24,17.79,17.79,17.59,17.63,17.08,"12,454,500"
22-Mar-24,18.11,18.12,17.69,17.72,17.17,"15,028,500"
21-Mar-24,18.35,18.49,18.13,18.21,17.65,"22,905,000"
20-Mar-24,18.67,18.93,18.64,18.93,18.34,"9,677,300"
19-Mar-24,18.69,18.85,18.63,18.85,18.27,"9,561,000"
18-Mar-24,19.19,19.23,19.07,19.17,18.58,"6,324,200"
15-Mar-24,19.62,19.66,19.22,19.23,18.63,"13,296,100"
14-Mar-24,19.8,19.91,19.57,19.66,19.05,"8,476,900"
13-Mar-24,19.35,19.45,19.29,19.39,18.79,"7,171,000"
12-Mar-24,19.43,19.57,19.35,19.42,18.82,"11,415,900"
11-Mar-24,19.21,19.3,19.17,19.22,18.62,"8,544,100"
08-Mar-24,19.4,19.45,19.25,19.26,18.66,"8,183,300"
07-Mar-24,19.5,19.52,19.34,19.39,18.79,"11,084,100"
06-Mar-24,19.52,19.62,19.3,19.33,18.73,"9,226,500"
05-Mar-24,19.39,19.49,19.22,19.29,18.69,"7,522,600"
04-Mar-24,19.64,19.81,19.5,19.8,19.19,"6,821,800"
01-Mar-24,19.92,19.92,19.76,19.83,19.22,"6,151,800"
29-Feb-24,20.03,20.09,19.93,19.96,19.34,"6,256,900"
28-Feb-24,19.95,19.96,19.81,19.95,19.33,"4,344,500"
27-Feb-24,19.98,20.06,19.93,20,19.38,"2,751,500"
26-Feb-24,19.93,20.03,19.83,19.99,19.37,"5,145,700"
23-Feb-24,20.21,20.26,20.1,20.11,19.49,"4,228,200"
22-Feb-24,20.2,20.36,20.14,20.31,19.68,"6,590,200"
21-Feb-24,19.79,19.94,19.68,19.78,19.17,"6,192,500"
20-Feb-24,20.28,20.4,19.99,20.02,19.4,"7,587,200"
16-Feb-24,20.35,20.58,20.26,20.47,19.84,"5,516,600"
15-Feb-24,20.27,20.33,20.19,20.31,19.68,"5,247,500"
14-Feb-24,20.06,20.2,19.99,20.18,19.56,"7,591,100"
13-Feb-24,19.92,20.01,19.81,19.86,19.25,"6,914,100"
12-Feb-24,20.09,20.24,20.09,20.14,19.52,"4,253,200"
09-Feb-24,20.15,20.25,20.05,20.1,19.48,"5,895,300"
08-Feb-24,20.43,20.51,20.17,20.19,19.56,"6,885,700"
07-Feb-24,20.31,20.48,20.13,20.43,19.8,"5,739,100"
06-Feb-24,20.65,20.74,20.5,20.61,19.97,"7,549,400"
05-Feb-24,20.32,20.35,20.2,20.3,19.67,"3,604,800"
02-Feb-24,20.33,20.49,20.2,20.35,19.72,"6,117,900"
01-Feb-24,19.86,20.22,19.83,20.19,19.56,"8,251,300"
31-Jan-24,20.04,20.15,19.85,19.86,19.25,"6,594,300"
30-Jan-24,20.03,20.07,19.86,19.95,19.33,"6,409,700"
29-Jan-24,20.15,20.17,20.07,20.17,19.55,"5,283,800"
26-Jan-24,20.16,20.37,20.12,20.22,19.59,"5,696,300"
25-Jan-24,20,20.16,19.86,20.09,19.47,"7,290,500"
24-Jan-24,20.1,20.18,19.96,19.99,19.37,"10,476,100"
23-Jan-24,19.7,19.95,19.61,19.79,19.18,"8,984,900"
22-Jan-24,19.93,20,19.84,19.87,19.25,"5,823,300"
19-Jan-24,19.8,20.03,19.73,19.99,19.37,"7,921,000"
18-Jan-24,19.82,19.96,19.65,19.83,19.22,"9,891,800"
17-Jan-24,19.56,19.71,19.47,19.54,18.94,"11,273,100"
16-Jan-24,19.39,19.57,19.21,19.47,18.87,"13,410,000"
12-Jan-24,19.41,20.06,19.41,19.6,18.99,"21,182,400"
11-Jan-24,18.64,19.14,18.63,18.82,18.24,"17,927,300"
10-Jan-24,18.28,18.31,17.98,18.1,17.54,"13,572,600"
09-Jan-24,18.35,18.42,18.21,18.25,17.68,"6,106,100"
08-Jan-24,18.1,18.42,18.09,18.4,17.83,"7,538,600"
05-Jan-24,18.25,18.32,18.07,18.1,17.54,"10,479,200"
04-Jan-24,18.2,18.27,18.01,18.07,17.51,"6,707,600"
03-Jan-24,17.56,18.06,17.55,18.04,17.48,"12,408,800"
02-Jan-24,18.24,18.28,18.02,18.08,17.52,"8,963,600"
29-Dec-23,18.5,18.53,18.32,18.38,17.81,"2,864,800"
28-Dec-23,18.61,18.68,18.53,18.56,17.99,"3,308,700"
27-Dec-23,18.64,18.68,18.45,18.6,18.02,"4,338,000"
26-Dec-23,18.64,18.67,18.37,18.45,17.88,"3,866,200"
22-Dec-23,18.7,18.89,18.64,18.76,18.18,"7,018,100"
21-Dec-23,18.5,18.56,18.18,18.41,17.84,"7,763,900"
20-Dec-23,18.53,18.68,18.42,18.42,17.85,"6,181,000"
19-Dec-23,18.68,18.95,18.68,18.79,18.21,"5,257,800"
18-Dec-23,18.69,18.85,18.55,18.8,18.22,"4,898,200"
15-Dec-23,18.93,18.98,18.63,18.67,18.09,"8,252,300"
14-Dec-23,18,18.47,17.96,18.37,17.8,"14,029,200"
13-Dec-23,17.39,17.47,17.29,17.47,16.93,"9,025,600"
12-Dec-23,17.5,17.56,17.34,17.55,17.01,"5,521,000"
11-Dec-23,17.81,17.89,17.32,17.41,16.87,"8,516,800"
08-Dec-23,17.89,17.93,17.74,17.89,17.34,"4,581,100"
07-Dec-23,17.67,17.71,17.58,17.64,17.09,"3,340,000"
06-Dec-23,17.8,17.86,17.66,17.69,17.14,"6,891,300"
05-Dec-23,17.59,17.71,17.39,17.46,16.92,"5,016,100"
04-Dec-23,17.84,17.88,17.64,17.69,17.14,"5,588,600"
01-Dec-23,17.47,17.75,17.43,17.73,17.18,"4,766,000"
30-Nov-23,17.61,17.69,17.47,17.55,17.01,"5,541,400"
29-Nov-23,17.74,17.75,17.6,17.62,17.07,"6,039,100"
28-Nov-23,17.37,17.67,17.34,17.63,17.08,"6,783,900"
27-Nov-23,17.34,17.42,17.27,17.37,16.83,"3,757,400"
24-Nov-23,17.39,17.47,17.29,17.47,16.93,"2,743,400"
22-Nov-23,17.64,17.68,17.5,17.58,17.04,"5,435,700"
21-Nov-23,17.47,17.55,17.41,17.44,16.9,"4,702,200"
20-Nov-23,17.41,17.58,17.37,17.54,17,"5,052,400"
17-Nov-23,17.31,17.52,17.27,17.51,16.97,"4,249,400"
16-Nov-23,17.45,17.51,17.27,17.27,16.74,"5,859,600"
15-Nov-23,16.97,17.36,16.97,17.36,16.82,"10,004,100"
14-Nov-23,16.75,16.99,16.73,16.92,16.4,"6,902,000"
13-Nov-23,16.45,16.61,16.42,16.55,16.04,"4,579,800"
10-Nov-23,16.4,16.68,16.38,16.63,16.12,"5,099,500"
09-Nov-23,16.54,16.58,16.34,16.36,15.85,"7,329,500"
08-Nov-23,16.68,16.73,16.62,16.67,16.15,"3,314,000"
07-Nov-23,16.8,16.85,16.71,16.79,16.27,"2,875,500"
06-Nov-23,16.8,16.87,16.72,16.86,16.34,"3,979,000"
03-Nov-23,16.8,16.85,16.67,16.68,16.16,"8,673,700"
02-Nov-23,16.62,16.74,16.55,16.69,16.17,"9,262,500"
01-Nov-23,16.3,16.41,16.27,16.4,15.89,"5,943,300"
31-Oct-23,16.41,16.51,16.32,16.42,15.91,"4,663,500"
30-Oct-23,16.5,16.56,16.39,16.5,15.99,"5,559,700"
27-Oct-23,16.51,16.61,16.4,16.44,15.93,"5,591,700"
26-Oct-23,16.39,16.47,16.27,16.32,15.81,"6,991,300"
25-Oct-23,16.46,16.53,16.37,16.38,15.87,"4,727,100"
24-Oct-23,16.67,16.82,16.65,16.78,16.26,"5,602,500"
23-Oct-23,16.76,17.01,16.71,16.78,16.05,"8,505,800"
20-Oct-23,17,17.18,16.93,16.97,16.23,"5,910,200"
19-Oct-23,17.09,17.26,17.07,17.09,16.35,"4,830,900"
18-Oct-23,17.18,17.28,17.1,17.14,16.4,"6,115,500"
17-Oct-23,17.09,17.4,17.09,17.35,16.6,"7,210,500"
16-Oct-23,16.97,17.3,16.97,17.21,16.46,"7,474,100"
13-Oct-23,16.84,17.19,16.77,16.9,16.17,"13,208,800"
12-Oct-23,16.4,16.89,16.21,16.46,15.75,"26,816,400"
11-Oct-23,17.86,17.93,17.55,17.61,16.85,"15,897,100"
10-Oct-23,17.85,18,17.78,17.85,17.07,"11,060,900"
09-Oct-23,17.58,17.8,17.53,17.75,16.98,"8,642,700"
06-Oct-23,17.59,17.86,17.54,17.79,17.02,"5,476,600"
05-Oct-23,17.52,17.65,17.46,17.61,16.85,"5,069,500"
04-Oct-23,17.19,17.45,17.16,17.44,16.68,"7,318,800"
03-Oct-23,17.09,17.24,16.98,17,16.26,"6,775,000"
02-Oct-23,17.03,17.19,17.03,17.18,16.43,"4,529,900"
29-Sep-23,17.13,17.29,17.05,17.11,16.37,"9,559,900"
28-Sep-23,17.04,17.15,16.72,16.96,16.22,"18,047,500"
27-Sep-23,17.42,17.51,17.33,17.44,16.68,"10,292,100"
26-Sep-23,17.43,17.5,17.25,17.27,16.52,"5,946,500"
25-Sep-23,17.56,17.68,17.41,17.61,16.85,"4,992,900"
22-Sep-23,17.89,17.95,17.74,17.78,17.01,"5,319,300"
21-Sep-23,17.91,17.97,17.74,17.74,16.97,"5,630,200"
20-Sep-23,17.96,18.11,17.88,17.89,17.11,"4,888,100"
19-Sep-23,17.74,17.82,17.69,17.79,17.02,"3,171,400"
18-Sep-23,17.75,17.88,17.71,17.76,16.99,"3,944,300"
15-Sep-23,18.08,18.13,17.7,17.75,16.98,"16,969,900"
14-Sep-23,18.11,18.18,18.03,18.11,17.32,"2,914,100"
13-Sep-23,18.04,18.05,17.93,18,17.22,"4,102,400"
12-Sep-23,18.04,18.18,18.01,18.06,17.28,"6,680,000"
11-Sep-23,17.84,17.95,17.74,17.95,17.17,"5,196,600"
08-Sep-23,17.62,17.76,17.58,17.75,16.98,"5,796,800"
07-Sep-23,17.55,17.6,17.48,17.52,16.76,"5,920,700"
06-Sep-23,17.69,17.75,17.55,17.58,16.82,"5,049,300"
05-Sep-23,17.82,17.95,17.76,17.77,17,"5,746,400"
01-Sep-23,17.52,17.58,17.45,17.52,16.76,"5,315,100"
31-Aug-23,17.5,17.57,17.36,17.37,16.62,"6,511,500"
30-Aug-23,17.47,17.59,17.45,17.55,16.79,"4,613,400"
29-Aug-23,17.28,17.43,17.26,17.42,16.66,"7,928,100"
28-Aug-23,17.26,17.4,17.25,17.33,16.58,"5,356,600"
25-Aug-23,17.18,17.31,17.06,17.25,16.5,"4,662,000"
24-Aug-23,17.3,17.34,17.09,17.13,16.39,"4,708,800"
23-Aug-23,17.08,17.29,17.08,17.27,16.52,"6,097,000"
22-Aug-23,16.96,17.1,16.94,16.99,16.25,"4,037,600"
21-Aug-23,16.91,16.95,16.74,16.88,16.15,"6,993,300"
18-Aug-23,16.71,16.76,16.6,16.72,15.99,"5,445,600"
17-Aug-23,17.17,17.17,16.95,16.97,16.23,"6,166,600"
16-Aug-23,17.21,17.31,17.07,17.13,16.39,"8,748,900"
15-Aug-23,16.77,17.18,16.77,17.13,16.39,"13,343,900"
14-Aug-23,16.8,16.95,16.74,16.86,16.13,"5,407,200"
11-Aug-23,16.61,16.7,16.56,16.68,15.96,"6,831,100"
10-Aug-23,16.78,17,16.78,16.87,16.14,"9,033,300"
09-Aug-23,16.81,16.85,16.63,16.71,15.98,"7,998,100"
08-Aug-23,16.7,16.77,16.58,16.77,16.04,"6,330,600"
07-Aug-23,16.88,16.89,16.71,16.78,16.05,"5,533,700"
04-Aug-23,16.68,16.88,16.64,16.71,15.98,"7,012,200"
03-Aug-23,16.52,16.56,16.44,16.51,15.79,"10,134,400"
02-Aug-23,16.54,16.6,16.43,16.52,15.8,"11,896,400"
01-Aug-23,16.72,16.84,16.65,16.8,16.07,"7,462,200"
31-Jul-23,16.62,16.75,16.6,16.66,15.94,"6,604,000"
28-Jul-23,16.36,16.48,16.19,16.46,15.75,"9,072,200"
27-Jul-23,16.64,16.78,16.61,16.63,15.91,"11,839,800"
26-Jul-23,16.4,16.67,16.4,16.62,15.9,"10,006,100"
25-Jul-23,16.23,16.44,16.23,16.38,15.67,"7,717,900"
24-Jul-23,16.3,16.34,16.17,16.22,15.52,"10,331,400"
21-Jul-23,16.19,16.47,16.09,16.3,15.59,"15,267,400"
20-Jul-23,16,16.22,15.33,16.22,15.52,"39,518,000"
19-Jul-23,17.81,17.95,17.64,17.71,16.94,"21,117,700"
18-Jul-23,17.8,18.14,17.76,17.88,17.1,"25,346,100"
17-Jul-23,17.05,17.31,17.03,17.29,16.54,"12,658,400"
14-Jul-23,17.16,17.2,16.99,17.04,16.3,"11,539,700"
13-Jul-23,16.58,16.85,16.58,16.79,16.06,"13,295,300"
12-Jul-23,16.26,16.29,16.03,16.07,15.37,"7,102,600"
11-Jul-23,16.26,16.28,16.15,16.24,15.53,"7,631,500"
10-Jul-23,16.04,16.07,15.98,16.01,15.31,"6,775,000"
07-Jul-23,16,16.18,16,16.05,15.35,"5,207,600"
06-Jul-23,16.14,16.18,16,16.07,15.37,"6,464,100"
05-Jul-23,16.15,16.37,16.13,16.26,15.55,"13,415,500"
03-Jul-23,16.19,16.3,16.05,16.14,15.44,"7,111,800"
30-Jun-23,16.17,16.26,16.02,16.07,15.37,"12,763,900"
29-Jun-23,15.78,15.92,15.69,15.9,15.21,"7,992,900"
28-Jun-23,15.68,15.77,15.55,15.75,15.07,"7,520,300"
27-Jun-23,15.61,15.64,15.46,15.62,14.94,"7,913,600"
26-Jun-23,15.31,15.54,15.3,15.5,14.83,"8,509,100"
23-Jun-23,15.24,15.27,15.15,15.2,14.54,"8,481,500"
22-Jun-23,15.21,15.51,15.18,15.47,14.8,"11,712,900"
21-Jun-23,15.36,15.44,15.12,15.39,14.72,"15,032,000"
20-Jun-23,15.81,15.84,15.57,15.64,14.96,"7,622,000"
16-Jun-23,15.74,15.86,15.64,15.83,15.14,"18,245,500"
15-Jun-23,15.47,15.66,15.41,15.62,14.94,"9,532,800"
14-Jun-23,15.8,15.89,15.49,15.56,14.88,"15,595,900"
13-Jun-23,15.93,15.94,15.7,15.85,15.16,"5,843,500"
12-Jun-23,15.64,15.84,15.62,15.81,15.12,"9,468,800"
09-Jun-23,15.32,15.52,15.3,15.45,14.78,"8,376,100"
08-Jun-23,15.57,15.65,15.39,15.44,14.77,"10,270,800"
07-Jun-23,15.64,15.7,15.53,15.64,14.96,"7,357,300"
06-Jun-23,15.31,15.67,15.26,15.64,14.96,"12,480,900"
05-Jun-23,15.67,15.71,15.34,15.4,14.73,"14,055,500"
02-Jun-23,15.71,15.87,15.7,15.8,15.11,"7,581,500"
01-Jun-23,15.79,15.9,15.67,15.83,15.14,"7,995,900"
31-May-23,15.8,16.01,15.8,15.96,15.06,"9,041,000"
30-May-23,15.89,15.95,15.83,15.9,15.01,"6,573,500"
26-May-23,15.81,15.94,15.79,15.87,14.98,"6,331,800"
25-May-23,15.74,15.76,15.52,15.66,14.78,"9,303,400"
24-May-23,15.6,15.64,15.49,15.56,14.69,"6,913,200"
23-May-23,15.56,15.64,15.51,15.53,14.66,"7,113,800"
22-May-23,15.49,15.73,15.47,15.65,14.77,"10,336,400"
19-May-23,15.29,15.4,15.24,15.25,14.39,"7,362,100"
18-May-23,15.09,15.17,15.07,15.15,14.3,"9,384,700"
17-May-23,15,15.22,15,15.19,14.34,"7,723,900"
16-May-23,15.25,15.28,15.1,15.11,14.26,"13,214,600"
15-May-23,15.13,15.38,15.08,15.34,14.48,"8,921,200"
12-May-23,15,15.11,14.98,15.08,14.23,"10,854,500"
11-May-23,15.2,15.2,15.01,15.03,14.19,"15,960,000"
10-May-23,15.27,15.34,15.18,15.3,14.44,"15,541,600"
09-May-23,15.25,15.29,15.21,15.27,14.41,"12,613,800"
08-May-23,15.35,15.37,15.25,15.26,14.4,"12,112,600"
05-May-23,15.24,15.28,15.17,15.25,14.39,"11,268,800"
04-May-23,15.38,15.45,15.29,15.3,14.44,"12,316,300"
03-May-23,15.52,15.58,15.35,15.38,14.52,"9,372,300"
02-May-23,15.48,15.57,15.36,15.54,14.67,"10,433,300"
01-May-23,15.5,15.53,15.43,15.49,14.62,"7,691,400"
28-Apr-23,15.26,15.55,15.26,15.54,14.67,"11,666,200"
27-Apr-23,15.08,15.34,15.08,15.31,14.45,"11,606,400"
26-Apr-23,14.83,14.95,14.78,14.85,14.02,"11,181,600"
25-Apr-23,14.88,14.88,14.78,14.79,13.96,"14,700,200"
24-Apr-23,14.82,14.86,14.71,14.82,13.99,"11,751,900"
21-Apr-23,14.91,14.96,14.84,14.87,14.03,"6,908,400"
20-Apr-23,14.82,14.99,14.79,14.85,14.02,"16,901,400"
19-Apr-23,14.83,14.92,14.76,14.82,13.99,"19,107,300"
18-Apr-23,15.17,15.19,14.94,14.96,14.12,"20,768,400"
17-Apr-23,15.07,15.29,15.05,15.19,14.34,"17,173,000"
14-Apr-23,15.45,15.55,15.06,15.18,14.33,"26,028,600"
13-Apr-23,15.87,15.97,15.33,15.4,14.53,"40,415,000"
12-Apr-23,17.71,17.8,17.01,17.07,16.11,"16,959,200"
11-Apr-23,17.23,17.45,17.18,17.45,16.47,"11,708,400"
10-Apr-23,17.36,17.4,17.2,17.39,16.41,"9,204,200"
06-Apr-23,17.3,17.37,17.15,17.25,16.28,"6,830,800"
05-Apr-23,17.39,17.44,17.24,17.33,16.36,"5,559,700"
04-Apr-23,17.43,17.46,17.34,17.37,16.39,"7,522,300"
03-Apr-23,17.21,17.44,17.21,17.42,16.44,"8,446,400"
31-Mar-23,17.43,17.46,17.25,17.44,16.46,"8,384,400"
30-Mar-23,17.11,17.14,17.02,17.14,16.18,"6,290,700"
29-Mar-23,16.83,16.98,16.81,16.96,16.01,"7,848,700"
28-Mar-23,16.82,16.91,16.68,16.77,15.83,"9,638,200"
27-Mar-23,16.9,17.04,16.83,17.02,16.06,"11,983,600"
24-Mar-23,16.75,16.81,16.65,16.8,15.86,"6,230,000"
23-Mar-23,16.86,17.06,16.66,16.94,15.99,"14,192,500"
22-Mar-23,16.77,16.91,16.59,16.6,15.67,"8,451,200"
21-Mar-23,16.84,16.91,16.68,16.89,15.94,"13,141,400"
20-Mar-23,16.9,17.04,16.84,16.93,15.98,"9,583,200"
17-Mar-23,17.07,17.12,16.86,16.89,15.94,"15,611,100"
16-Mar-23,16.77,17.2,16.77,17.19,16.22,"7,402,800"
15-Mar-23,16.89,17.01,16.74,16.93,15.98,"14,925,800"
14-Mar-23,17.21,17.47,17.2,17.33,16.36,"7,397,600"
13-Mar-23,17.25,17.51,16.97,17.27,16.3,"13,321,500"
10-Mar-23,17.78,17.95,17.63,17.68,16.69,"6,763,900"
09-Mar-23,17.97,18.09,17.72,17.72,16.72,"6,733,900"
08-Mar-23,18.23,18.23,18.07,18.16,17.14,"4,737,800"
07-Mar-23,18.25,18.32,18.12,18.22,17.2,"5,435,600"
06-Mar-23,18.34,18.34,18.22,18.26,17.23,"7,383,700"
03-Mar-23,18.14,18.18,17.92,18.18,17.16,"6,765,200"
02-Mar-23,17.84,18.09,17.79,18.09,17.07,"6,263,000"
01-Mar-23,18.09,18.11,17.89,18.02,17.01,"4,293,700"
28-Feb-23,18,18.05,17.93,17.94,16.93,"7,969,800"
27-Feb-23,18.19,18.28,18.11,18.16,17.14,"6,270,100"
24-Feb-23,18.47,18.5,18.26,18.33,17.3,"11,821,700"
23-Feb-23,18.63,18.78,18.54,18.7,17.65,"7,433,600"
22-Feb-23,18.7,18.76,18.59,18.62,17.57,"7,887,000"
21-Feb-23,18.81,19.01,18.78,18.79,17.73,"11,326,500"
17-Feb-23,19.01,19.12,18.95,19.08,18.01,"5,695,200"
16-Feb-23,19.11,19.29,19.07,19.12,18.05,"6,542,000"
15-Feb-23,19.12,19.27,19.08,19.23,18.15,"8,592,700"
14-Feb-23,19.06,19.24,18.95,19.12,18.05,"6,225,500"
13-Feb-23,18.89,19.05,18.86,19.02,17.95,"5,610,000"
10-Feb-23,19.29,19.38,19.03,19.16,18.08,"11,739,400"
09-Feb-23,19.52,19.59,19.3,19.34,18.25,"4,725,100"
08-Feb-23,19.25,19.34,19.13,19.16,18.08,"5,737,300"
07-Feb-23,18.68,19.07,18.68,19.03,17.96,"6,590,600"
06-Feb-23,18.91,18.99,18.75,18.82,17.76,"7,774,000"
03-Feb-23,19.3,19.49,19.2,19.28,18.2,"5,482,200"
02-Feb-23,19.4,19.54,19.28,19.51,18.41,"10,416,900"
01-Feb-23,18.88,19.14,18.77,19.02,17.95,"7,845,700"
31-Jan-23,18.62,18.8,18.54,18.8,17.74,"7,983,100"
30-Jan-23,18.72,18.88,18.65,18.69,17.64,"8,848,300"
27-Jan-23,18.62,18.76,18.5,18.66,17.61,"5,411,100"
26-Jan-23,18.69,18.96,18.59,18.94,17.88,"6,245,500"
25-Jan-23,18.73,18.74,18.54,18.62,17.57,"8,245,400"
24-Jan-23,18.97,19,18.84,18.9,17.84,"7,045,800"
23-Jan-23,18.91,19.11,18.82,19.05,17.98,"4,319,100"
20-Jan-23,18.68,18.83,18.59,18.78,17.72,"6,126,200"
19-Jan-23,18.78,18.92,18.75,18.81,17.75,"4,594,600"
18-Jan-23,18.82,18.99,18.75,18.75,17.7,"6,338,300"
17-Jan-23,18.62,18.88,18.62,18.67,17.62,"7,344,100"
13-Jan-23,18.39,18.58,18.24,18.52,17.48,"10,388,700"
12-Jan-23,18.52,18.61,18.06,18.4,17.37,"10,853,600"
11-Jan-23,17.82,18.15,17.74,18.12,17.1,"9,032,200"
10-Jan-23,17.93,17.94,17.69,17.83,16.83,"9,517,600"
09-Jan-23,18.09,18.24,17.99,18,16.99,"10,778,100"
06-Jan-23,17.53,17.84,17.47,17.81,16.81,"8,915,600"
05-Jan-23,17.81,17.87,17.68,17.68,16.69,"6,420,300"
04-Jan-23,17.94,18.17,17.86,18.1,17.08,"10,440,400"
03-Jan-23,18.18,18.35,18.06,18.23,17.21,"11,041,400"
30-Dec-22,18.09,18.18,17.85,18.01,17,"4,468,300"
29-Dec-22,18.09,18.38,18.09,18.24,17.21,"4,971,600"
28-Dec-22,18.05,18.19,17.92,17.96,16.95,"5,872,100"
27-Dec-22,18.01,18.09,17.84,18.03,17.02,"4,943,200"
23-Dec-22,17.82,17.95,17.73,17.92,16.91,"3,685,100"
22-Dec-22,18.04,18.08,17.73,17.93,16.92,"7,911,000"
21-Dec-22,18.02,18.27,18.02,18.22,17.2,"4,228,200"
20-Dec-22,17.95,18.21,17.9,18.06,17.05,"6,483,900"
19-Dec-22,17.86,17.99,17.79,17.88,16.88,"10,765,900"
16-Dec-22,18.11,18.22,17.69,17.73,16.73,"15,368,300"
15-Dec-22,18.33,18.36,18.01,18.17,17.15,"6,568,600"
14-Dec-22,18.75,18.97,18.6,18.72,17.67,"7,721,700"
13-Dec-22,19.01,19.15,18.63,18.73,17.68,"13,184,600"
12-Dec-22,18.49,18.53,18.36,18.41,17.38,"6,741,000"
09-Dec-22,18.92,19.02,18.41,18.49,17.45,"12,510,700"
08-Dec-22,19.54,19.82,19.49,19.58,18.48,"6,872,000"
07-Dec-22,19.35,19.43,19.23,19.39,18.3,"8,087,400"
06-Dec-22,19.49,19.58,19.18,19.41,18.32,"11,673,400"
05-Dec-22,20.04,20.15,19.59,19.75,18.64,"7,650,000"
02-Dec-22,20.1,20.29,19.86,20.19,19.06,"5,674,600"
01-Dec-22,20.4,20.57,20.25,20.51,19.36,"5,586,800"
30-Nov-22,19.84,20.36,19.77,20.35,19.21,"6,994,600"
29-Nov-22,19.72,19.89,19.67,19.71,18.6,"5,516,500"
28-Nov-22,19.9,19.96,19.61,19.63,18.53,"4,043,200"
25-Nov-22,19.83,20.02,19.78,19.92,18.8,"3,161,100"
23-Nov-22,19.31,19.55,19.3,19.53,18.43,"3,328,100"
22-Nov-22,19.28,19.41,19.26,19.37,18.28,"4,605,400"
21-Nov-22,19.26,19.34,19.24,19.3,18.22,"7,430,300"
18-Nov-22,19.68,19.68,19.36,19.47,18.38,"2,744,300"
17-Nov-22,19.39,19.54,19.34,19.48,18.39,"4,115,500"
16-Nov-22,19.65,19.82,19.61,19.69,18.58,"4,740,800"
15-Nov-22,19.98,20.06,19.74,19.76,18.65,"5,136,400"
14-Nov-22,19.62,19.8,19.55,19.55,18.45,"5,670,300"
11-Nov-22,19.51,19.79,19.36,19.75,18.64,"6,249,900"
10-Nov-22,19.09,19.29,18.92,19.2,18.12,"9,282,800"
09-Nov-22,18.51,18.75,18.47,18.48,17.44,"10,196,200"
08-Nov-22,18.7,18.95,18.62,18.74,17.69,"6,187,600"
07-Nov-22,18.25,18.66,18.25,18.58,17.54,"6,280,400"
04-Nov-22,18.27,18.46,18.1,18.33,17.3,"10,899,800"
03-Nov-22,18.2,18.27,18.08,18.19,17.17,"11,328,700"
02-Nov-22,18.71,18.88,18.41,18.41,17.38,"6,370,600"
01-Nov-22,19.19,19.22,18.84,18.91,17.85,"5,474,700"
31-Oct-22,18.66,18.83,18.61,18.73,17.68,"8,585,500"
28-Oct-22,18.41,18.81,18.37,18.79,17.73,"8,698,000"
27-Oct-22,18.48,18.63,18.41,18.51,17.47,"7,597,000"
26-Oct-22,18.6,18.88,18.55,18.68,17.44,"7,555,000"
25-Oct-22,18.5,18.68,18.48,18.62,17.38,"5,701,200"
24-Oct-22,18.29,18.54,18.22,18.44,17.22,"9,595,200"
21-Oct-22,17.93,18.36,17.86,18.3,17.09,"7,393,300"
20-Oct-22,18.03,18.23,17.86,17.89,16.7,"8,674,600"
19-Oct-22,17.85,17.98,17.73,17.83,16.65,"6,284,000"
18-Oct-22,18.25,18.38,17.89,18.07,16.87,"7,630,100"
17-Oct-22,18.12,18.38,18.11,18.16,16.95,"9,800,800"
14-Oct-22,17.93,18.2,17.79,17.81,16.63,"13,607,400"
13-Oct-22,17,18.23,16.91,18.05,16.85,"16,478,500"
12-Oct-22,17.14,17.31,17.03,17.1,15.97,"11,642,700"
11-Oct-22,17.03,17.27,16.99,17.13,15.99,"12,839,500"
10-Oct-22,17.56,17.69,17.33,17.56,16.39,"23,349,600"
07-Oct-22,17.33,17.38,17,17.06,15.93,"14,041,700"
06-Oct-22,17.66,17.73,17.47,17.48,16.32,"10,827,300"
05-Oct-22,17.55,17.75,17.4,17.64,16.47,"6,090,900"
04-Oct-22,17.38,17.71,17.31,17.7,16.53,"8,648,900"
03-Oct-22,16.87,17.17,16.82,17.05,15.92,"9,703,100"
30-Sep-22,17.1,17.23,16.97,16.97,15.84,"6,245,800"
29-Sep-22,16.84,16.9,16.7,16.9,15.78,"6,037,800"
28-Sep-22,16.86,17.2,16.79,17.11,15.97,"8,791,800"
27-Sep-22,16.9,17.04,16.68,16.79,15.68,"12,443,100"
26-Sep-22,16.73,16.93,16.64,16.69,15.58,"10,331,500"
23-Sep-22,16.58,16.71,16.39,16.61,15.51,"18,057,100"
22-Sep-22,16.9,16.98,16.6,16.68,15.57,"17,899,000"
21-Sep-22,17.09,17.29,17,17.02,15.89,"10,736,000"
20-Sep-22,17.26,17.31,16.95,17.02,15.89,"18,634,300"
19-Sep-22,17.41,17.52,17.29,17.41,16.25,"15,219,300"
16-Sep-22,17.2,17.46,17.09,17.38,16.23,"42,686,600"
15-Sep-22,17.7,17.81,17.51,17.79,16.61,"21,950,100"
14-Sep-22,18.37,18.44,17.97,18.08,16.88,"16,757,300"
13-Sep-22,18.76,18.9,18.49,18.56,17.33,"15,227,800"
12-Sep-22,19.23,19.41,19.19,19.24,17.96,"3,607,400"
09-Sep-22,18.77,19.1,18.75,19.06,17.8,"5,513,600"
08-Sep-22,18.35,18.53,18.28,18.53,17.3,"3,936,900"
07-Sep-22,18.14,18.45,18.11,18.43,17.21,"4,769,300"
06-Sep-22,18.14,18.22,17.93,17.98,16.79,"7,158,700"
02-Sep-22,18.3,18.44,18,18.09,16.89,"5,248,800"
01-Sep-22,18.33,18.42,18.19,18.42,17.2,"4,480,300"
31-Aug-22,18.48,18.55,18.3,18.3,17.09,"7,419,500"
30-Aug-22,18.78,18.78,18.36,18.43,17.21,"6,267,500"
29-Aug-22,18.37,18.47,18.27,18.39,17.17,"5,544,000"
26-Aug-22,19.16,19.21,18.62,18.64,17.4,"5,710,800"
25-Aug-22,19.13,19.2,19.02,19.18,17.91,"3,818,500"
24-Aug-22,19.24,19.39,19.2,19.25,17.97,"5,528,700"
23-Aug-22,19.42,19.45,19.25,19.25,17.97,"6,669,000"
22-Aug-22,19.48,19.62,19.45,19.52,18.22,"9,260,400"
19-Aug-22,20.04,20.04,19.75,19.78,18.47,"2,868,500"
18-Aug-22,19.89,20.05,19.89,19.97,18.64,"5,370,900"
17-Aug-22,20.08,20.18,19.9,20.09,18.76,"10,568,900"
16-Aug-22,20.05,20.16,19.99,20.15,18.81,"7,513,200"
15-Aug-22,20.02,20.15,20.02,20.11,18.78,"2,987,500"
12-Aug-22,20.05,20.14,19.95,20.11,18.78,"4,842,800"
11-Aug-22,20.29,20.42,20.1,20.15,18.81,"7,446,900"
10-Aug-22,20.45,20.6,20.31,20.38,19.03,"5,828,100"
09-Aug-22,20.18,20.26,20.13,20.18,18.84,"5,140,100"
08-Aug-22,20.31,20.38,20.2,20.27,18.92,"9,722,500"
05-Aug-22,20.1,20.31,20.02,20.31,18.96,"5,790,000"
04-Aug-22,20.17,20.27,20.08,20.15,18.81,"8,486,500"
03-Aug-22,19.76,20.1,19.72,20.1,18.77,"7,339,100"
02-Aug-22,19.48,19.62,19.44,19.49,18.2,"6,613,000"
01-Aug-22,19.36,19.62,19.35,19.62,18.32,"8,471,600"
29-Jul-22,19.37,19.6,19.32,19.49,18.2,"7,222,000"
28-Jul-22,18.86,19.17,18.77,19.15,17.88,"9,660,300"
27-Jul-22,18.24,18.79,18.2,18.71,17.47,"9,772,700"
26-Jul-22,18.09,18.09,17.84,17.91,16.72,"13,040,200"
25-Jul-22,18.7,18.74,18.25,18.56,17.33,"15,146,700"
22-Jul-22,18.89,19.06,18.8,18.88,17.63,"9,935,200"
21-Jul-22,19.1,19.28,18.95,19.21,17.94,"15,563,600"
20-Jul-22,18.78,18.86,18.61,18.72,17.48,"13,431,500"
19-Jul-22,18.6,18.78,18.54,18.71,17.47,"5,046,400"
18-Jul-22,18.58,18.74,18.39,18.44,17.22,"7,496,500"
15-Jul-22,18.12,18.21,17.95,18.17,16.96,"4,846,900"
14-Jul-22,17.8,17.95,17.63,17.9,16.71,"6,778,800"
13-Jul-22,18.04,18.27,17.98,18.11,16.91,"8,601,800"
12-Jul-22,18.19,18.37,18.11,18.21,17,"12,463,200"
11-Jul-22,18.5,18.59,18.23,18.46,17.24,"7,908,800"
08-Jul-22,19.05,19.16,18.76,19.06,17.8,"15,835,100"
07-Jul-22,18.99,19.18,18.9,19.16,17.89,"9,675,500"
06-Jul-22,18.7,19.02,18.7,18.93,17.67,"8,860,200"
05-Jul-22,18.51,18.69,18.36,18.67,17.43,"10,265,200"
01-Jul-22,18.6,18.91,18.5,18.85,17.6,"9,066,900"
30-Jun-22,18.4,18.57,18.34,18.51,17.28,"10,376,700"
29-Jun-22,18.37,18.67,18.28,18.61,17.38,"5,126,600"
28-Jun-22,18.76,18.84,18.44,18.46,17.24,"5,168,800"
27-Jun-22,18.76,18.78,18.57,18.76,17.52,"8,163,800"
24-Jun-22,18.37,18.7,18.31,18.67,17.43,"6,561,500"
23-Jun-22,18.45,18.55,18.29,18.44,17.22,"12,097,800"
22-Jun-22,18.35,18.48,18.19,18.32,17.1,"12,715,900"
21-Jun-22,18.52,18.95,18.46,18.77,17.52,"14,786,000"
17-Jun-22,17.52,17.95,17.52,17.76,16.58,"13,242,000"
16-Jun-22,17.76,17.79,17.6,17.67,16.5,"5,810,400"
15-Jun-22,18.06,18.33,17.9,18.29,17.08,"16,537,200"
14-Jun-22,18.01,18.31,18,18.24,17.03,"11,567,800"
13-Jun-22,17.9,18.04,17.76,17.85,16.67,"9,535,700"
10-Jun-22,18.62,18.62,18.2,18.33,17.11,"8,787,000"
09-Jun-22,19.17,19.29,18.88,18.88,17.63,"5,958,200"
08-Jun-22,19.29,19.31,19.15,19.16,17.89,"3,191,500"
07-Jun-22,19.15,19.39,19.04,19.38,18.09,"11,026,400"
06-Jun-22,19.52,19.64,19.39,19.43,18.14,"3,917,300"
03-Jun-22,19.4,19.6,19.34,19.38,18.09,"9,036,000"
02-Jun-22,19.25,19.52,19.25,19.51,18.22,"9,397,700"
01-Jun-22,18.92,19.15,18.85,19.03,17.77,"11,631,300"
31-May-22,19.04,19.14,18.67,18.86,17.61,"14,970,000"
27-May-22,18.8,19.04,18.75,19,17.54,"14,402,900"
26-May-22,18.22,18.56,18.14,18.45,17.04,"9,116,900"
25-May-22,18.1,18.27,17.9,18.14,16.75,"19,046,500"
24-May-22,18.49,18.57,18.25,18.4,16.99,"9,904,800"
23-May-22,18.79,18.93,18.64,18.89,17.44,"7,451,600"
20-May-22,18.82,18.83,18.39,18.7,17.27,"6,019,100"
19-May-22,18.36,18.83,18.22,18.63,17.2,"9,392,800"
18-May-22,19.32,19.39,18.76,18.78,17.34,"10,672,000"
17-May-22,19.42,19.62,19.4,19.61,18.11,"7,184,600"
16-May-22,19.13,19.18,18.9,18.94,17.49,"11,057,600"
13-May-22,19.3,19.51,19.19,19.45,17.96,"14,033,500"
12-May-22,19.16,19.65,19.12,19.53,18.03,"13,434,100"
11-May-22,19.59,19.77,19.38,19.41,17.92,"8,503,200"
10-May-22,20.02,20.12,19.52,19.76,18.24,"18,342,600"
09-May-22,20.04,20.14,19.76,19.82,18.3,"14,538,200"
06-May-22,19.96,20,19.71,19.85,18.33,"6,615,300"
05-May-22,20.6,20.79,20.11,20.31,18.75,"9,577,100"
04-May-22,20.1,20.66,20.04,20.61,19.03,"7,519,400"
03-May-22,20.19,20.29,20.13,20.22,18.67,"7,716,800"
02-May-22,19.88,20.22,19.84,20.15,18.6,"15,073,900"
29-Apr-22,20.24,20.3,19.87,19.87,18.35,"12,325,100"
28-Apr-22,20.41,20.66,20.35,20.5,18.93,"24,229,100"
27-Apr-22,19.99,20.32,19.99,20.12,18.58,"9,754,100"
26-Apr-22,20.25,20.38,20.06,20.12,18.58,"13,027,100"
25-Apr-22,20.17,20.41,20.03,20.41,18.85,"8,778,400"
22-Apr-22,20.51,20.61,20.12,20.26,18.71,"11,983,400"
21-Apr-22,20.85,20.93,20.63,20.68,19.09,"21,840,600"
20-Apr-22,20.68,20.73,20.46,20.57,18.99,"10,019,600"
19-Apr-22,20.06,20.46,19.75,20.42,18.85,"16,645,300"
18-Apr-22,20.54,20.72,20.37,20.56,18.98,"11,998,300"
14-Apr-22,21.21,21.24,20.42,20.46,18.89,"17,199,800"
13-Apr-22,21.89,21.9,20.92,21.19,19.57,"20,145,500"
12-Apr-22,23.15,23.27,22.48,22.57,20.84,"11,642,600"
11-Apr-22,23.27,23.45,22.96,23.05,21.28,"6,641,500"
08-Apr-22,23.78,23.9,23.64,23.7,21.88,"5,583,400"
07-Apr-22,23.75,24,23.67,23.82,21.99,"8,337,400"
06-Apr-22,23.91,24.12,23.74,23.97,22.13,"12,373,700"
05-Apr-22,24.5,24.54,24.27,24.38,22.51,"6,293,000"
04-Apr-22,24.56,24.74,24.54,24.74,22.84,"12,357,900"
01-Apr-22,25.12,25.13,24.54,24.61,22.72,"14,712,000"
31-Mar-22,24.97,25.21,24.89,24.89,22.98,"7,849,500"
30-Mar-22,24.82,25.17,24.82,24.97,23.06,"6,945,500"
29-Mar-22,24.91,25.12,24.81,25.11,23.18,"3,817,200"
28-Mar-22,24.73,24.77,24.52,24.72,22.82,"2,834,400"
25-Mar-22,24.6,24.75,24.51,24.73,22.83,"3,365,400"
24-Mar-22,24.63,24.69,24.39,24.67,22.78,"3,594,400"
23-Mar-22,24.35,24.65,24.28,24.31,22.45,"9,022,300"
22-Mar-22,24.61,24.95,24.58,24.79,22.89,"5,367,300"
21-Mar-22,24.4,24.56,24.07,24.21,22.35,"8,200,800"
18-Mar-22,24.39,25.04,24.21,25.04,23.12,"29,035,600"
17-Mar-22,24.81,25.05,24.46,24.49,22.61,"14,814,900"
16-Mar-22,24.47,25.12,24.4,25.11,23.18,"12,327,300"
15-Mar-22,24.16,24.31,23.59,24.19,22.34,"9,186,200"
14-Mar-22,24.46,25.04,24.43,24.69,22.8,"13,945,300"
11-Mar-22,24.19,24.29,23.95,24.01,22.17,"7,892,800"
10-Mar-22,23.54,23.93,23.54,23.84,22.01,"7,789,000"
09-Mar-22,23.75,24.15,23.54,23.9,22.07,"10,599,200"
08-Mar-22,22.68,23.61,22.54,23.33,21.54,"20,426,800"
07-Mar-22,22.28,22.58,22.19,22.58,20.85,"14,195,100"
04-Mar-22,22.28,22.55,22.15,22.46,20.74,"13,424,500"
03-Mar-22,22.85,22.94,22.43,22.52,20.79,"7,023,600"
02-Mar-22,22.21,22.78,22.17,22.59,20.86,"8,749,500"
01-Mar-22,22.39,22.5,22.04,22.16,20.46,"6,930,300"
28-Feb-22,22.61,22.78,22.29,22.46,20.74,"6,965,700"
25-Feb-22,22.24,22.87,22.24,22.84,21.09,"8,269,300"
24-Feb-22,21.41,22.25,21.04,22.24,20.53,"21,155,100"
23-Feb-22,23.03,23.24,22.66,22.72,20.98,"8,420,000"
22-Feb-22,22.63,23.32,22.61,23.05,21.28,"17,268,300"
18-Feb-22,22.53,22.75,22.31,22.51,20.78,"8,932,700"
17-Feb-22,22.65,22.75,22.37,22.43,20.71,"8,470,200"
16-Feb-22,22.52,22.85,22.49,22.84,21.09,"6,605,000"
15-Feb-22,22.78,22.95,22.65,22.89,21.13,"9,976,200"
14-Feb-22,22,22.26,21.89,22.19,20.49,"6,502,900"
11-Feb-22,22.72,22.77,22.21,22.27,20.56,"7,761,500"
10-Feb-22,23.05,23.27,22.87,22.94,21.18,"10,600,800"
09-Feb-22,23.17,23.46,23.1,23.41,21.62,"7,472,800"
08-Feb-22,22.46,22.97,22.37,22.89,21.13,"21,190,900"
07-Feb-22,22.68,22.91,22.41,22.47,20.75,"15,889,900"
04-Feb-22,22.97,23.21,22.66,22.89,21.13,"18,253,100"
03-Feb-22,23.08,23.26,22.73,22.76,21.01,"12,135,000"
02-Feb-22,23.73,23.85,23.6,23.77,21.95,"9,033,400"
01-Feb-22,23.51,23.63,23.24,23.52,21.72,"10,309,700"
31-Jan-22,23.07,23.61,23.02,23.57,21.76,"5,686,800"
28-Jan-22,22.15,22.7,22.05,22.66,20.92,"15,420,200"
27-Jan-22,22.26,22.38,21.72,21.81,20.14,"17,086,900"
26-Jan-22,22.72,22.84,22.17,22.39,20.67,"11,662,800"
25-Jan-22,22.66,22.85,22.42,22.48,20.76,"9,588,100"
24-Jan-22,22.88,22.97,21.97,22.94,21.18,"18,128,000"
21-Jan-22,23.44,23.77,23.36,23.41,21.62,"13,813,600"
20-Jan-22,24.33,24.38,23.66,23.68,21.86,"19,417,500"
19-Jan-22,24.98,25.05,24.45,24.47,22.59,"13,756,100"
18-Jan-22,25.71,25.77,25.42,25.51,23.55,"6,915,000"
14-Jan-22,25.72,26.29,25.58,26.2,24.19,"11,294,700"
13-Jan-22,25.74,25.78,25.47,25.6,23.64,"20,147,500"
12-Jan-22,26.15,26.39,25.51,25.75,23.78,"15,578,800"
11-Jan-22,24.88,25.06,24.66,25.02,23.1,"9,883,900"
10-Jan-22,24.66,24.78,24.43,24.77,22.87,"10,032,000"
07-Jan-22,24.22,24.37,23.97,24.2,22.34,"6,596,500"
06-Jan-22,24.2,24.49,23.97,24.11,22.26,"11,523,300"
05-Jan-22,24.84,24.92,24.25,24.3,22.44,"8,881,400"
04-Jan-22,25.25,25.37,24.98,25.11,23.18,"8,180,900"
03-Jan-22,25.39,25.54,25.15,25.26,23.32,"4,526,700"
31-Dec-21,25.53,25.56,25.31,25.31,23.37,"3,009,700"
30-Dec-21,25.54,25.6,25.39,25.41,23.46,"2,293,900"
29-Dec-21,25.19,25.38,25.14,25.38,23.43,"2,330,400"
28-Dec-21,25.36,25.39,25.18,25.3,23.36,"3,405,800"
27-Dec-21,24.86,25.34,24.86,25.33,23.39,"3,527,200"
23-Dec-21,24.69,24.8,24.5,24.73,22.83,"2,488,600"
22-Dec-21,24.22,24.54,24.15,24.53,22.65,"6,968,800"
21-Dec-21,23.98,24.25,23.84,24.22,22.36,"3,750,300"
20-Dec-21,23.83,23.87,23.4,23.69,21.87,"4,031,000"
17-Dec-21,23.92,24.27,23.87,24.04,22.2,"6,517,000"
16-Dec-21,23.81,24.5,23.77,24.11,22.26,"11,307,500"
15-Dec-21,22.75,23.28,22.72,23.26,21.48,"6,836,200"
14-Dec-21,22.75,22.97,22.61,22.89,21.13,"5,253,200"
13-Dec-21,23.04,23.04,22.58,22.61,20.88,"4,551,600"
10-Dec-21,23.32,23.54,23.06,23.19,21.41,"4,001,300"
09-Dec-21,23.23,23.44,23.22,23.25,21.47,"4,480,800"
08-Dec-21,23.2,23.52,23.12,23.44,21.64,"5,193,700"
07-Dec-21,22.57,23.07,22.51,23.06,21.29,"8,397,300"
06-Dec-21,22.36,22.37,21.89,22.25,20.54,"6,857,200"
03-Dec-21,23.12,23.14,22.7,22.88,21.13,"6,754,900"
02-Dec-21,22.94,23.51,22.83,23.44,21.64,"9,337,500"
01-Dec-21,22.85,22.87,22.43,22.44,20.72,"6,696,100"
30-Nov-21,22.7,23.08,22.52,22.58,20.85,"8,744,700"
29-Nov-21,22.46,22.65,22.32,22.62,20.89,"9,943,000"
26-Nov-21,22.31,22.5,22.14,22.2,20.5,"3,527,600"
24-Nov-21,22.35,22.63,22.3,22.61,20.88,"3,992,100"
23-Nov-21,22.9,23.19,22.73,22.89,21.13,"8,496,200"
22-Nov-21,23.46,23.56,22.76,22.77,21.02,"12,581,200"
19-Nov-21,23.68,23.7,23.53,23.59,21.78,"3,084,000"
18-Nov-21,23.72,23.74,23.53,23.65,21.84,"6,453,500"
17-Nov-21,23.88,24.01,23.73,23.74,21.92,"5,177,900"
16-Nov-21,23.75,24.09,23.7,24.03,22.19,"8,389,100"
15-Nov-21,23.8,23.86,23.6,23.63,21.82,"3,667,100"
12-Nov-21,23.59,23.7,23.53,23.7,21.88,"5,304,700"
11-Nov-21,23.03,23.28,23.03,23.2,21.42,"3,639,400"
10-Nov-21,23.14,23.21,22.95,22.96,21.2,"6,060,200"
09-Nov-21,23.33,23.38,23.07,23.3,21.51,"5,532,100"
08-Nov-21,23.21,23.47,23.21,23.44,21.64,"6,848,800"
05-Nov-21,22.92,22.92,22.71,22.79,21.04,"4,723,100"
04-Nov-21,22.81,22.85,22.68,22.71,20.97,"4,077,600"
03-Nov-21,22.64,22.73,22.57,22.71,20.97,"7,089,200"
02-Nov-21,22.47,22.69,22.45,22.66,20.92,"3,786,300"
01-Nov-21,22.54,22.68,22.38,22.47,20.75,"4,766,500"
29-Oct-21,22.25,22.32,22.15,22.28,20.57,"5,688,100"
28-Oct-21,22.61,22.71,22.48,22.56,20.83,"6,915,000"
27-Oct-21,22.91,22.95,22.55,22.55,20.82,"17,484,500"
26-Oct-21,22.9,22.9,22.59,22.69,20.95,"5,844,600"
25-Oct-21,22.87,22.98,22.73,22.93,20.99,"10,860,000"
22-Oct-21,23.05,23.22,22.99,23.01,21.06,"7,696,800"
21-Oct-21,23.51,23.56,23.33,23.41,21.43,"6,244,600"
20-Oct-21,23.93,24.19,23.84,24.13,22.09,"8,434,600"
19-Oct-21,24.05,24.28,23.94,24.22,22.17,"7,759,900"
18-Oct-21,23.58,23.79,23.49,23.78,21.77,"12,618,300"
15-Oct-21,22.9,23.4,22.76,23.38,21.4,"22,295,600"
14-Oct-21,22.68,22.74,22.23,22.71,20.79,"11,343,900"
13-Oct-21,22.88,22.99,22.52,22.65,20.73,"13,099,100"
12-Oct-21,22.05,22.07,21.86,21.88,20.03,"14,046,800"
11-Oct-21,22.03,22.08,21.81,21.82,19.97,"11,872,400"
08-Oct-21,22.91,23,21.73,21.93,20.07,"15,739,900"
07-Oct-21,22.65,22.84,22.56,22.77,20.84,"9,589,800"
06-Oct-21,22.32,22.5,22.15,22.45,20.55,"7,134,600"
05-Oct-21,22.29,22.78,22.29,22.75,20.82,"9,498,900"
04-Oct-21,22.29,22.35,22.03,22.15,20.27,"8,654,400"
01-Oct-21,22.34,22.4,22.06,22.33,20.44,"7,195,200"
30-Sep-21,22.41,22.51,22.22,22.25,20.37,"7,337,900"
29-Sep-21,22.34,22.58,22.2,22.48,20.58,"9,652,300"
28-Sep-21,22.49,22.5,22.07,22.09,20.22,"8,522,600"
27-Sep-21,23.23,23.23,22.87,22.9,20.96,"7,458,800"
24-Sep-21,23.7,23.8,23.58,23.68,21.67,"5,455,200"
23-Sep-21,23.68,23.79,23.6,23.73,21.72,"5,323,800"
22-Sep-21,23.12,23.38,23.07,23.27,21.3,"6,613,800"
21-Sep-21,23.13,23.23,23.1,23.12,21.16,"4,785,000"
20-Sep-21,22.75,22.95,22.57,22.76,20.83,"7,148,800"
17-Sep-21,22.95,22.99,22.72,22.85,20.91,"8,070,400"
16-Sep-21,23.35,23.35,22.97,23.09,21.13,"6,554,000"
15-Sep-21,23.33,23.38,23.21,23.37,21.39,"4,835,500"
14-Sep-21,23.04,23.14,22.96,23.01,21.06,"3,970,300"
13-Sep-21,23.07,23.17,22.82,22.96,21.02,"5,872,800"
10-Sep-21,23.07,23.11,22.94,22.99,21.04,"4,201,300"
09-Sep-21,23.27,23.28,22.91,22.93,20.99,"8,297,800"
08-Sep-21,23.34,23.41,23.12,23.19,21.23,"4,351,700"
07-Sep-21,23.98,24.07,23.4,23.43,21.45,"8,424,800"
03-Sep-21,23.86,24.08,23.79,24.03,21.99,"3,781,200"
02-Sep-21,23.58,23.7,23.41,23.7,21.69,"6,195,300"
01-Sep-21,23.6,23.69,23.5,23.55,21.56,"9,368,800"
31-Aug-21,23.92,24,23.8,23.82,21.8,"5,439,400"
30-Aug-21,23.72,23.84,23.67,23.72,21.71,"3,412,000"
27-Aug-21,23.75,23.89,23.69,23.73,21.72,"4,616,100"
26-Aug-21,23.87,23.89,23.64,23.66,21.66,"4,142,700"
25-Aug-21,23.89,24.07,23.75,23.98,21.95,"4,122,800"
24-Aug-21,23.94,24.03,23.74,23.88,21.86,"6,427,200"
23-Aug-21,23.97,24.14,23.9,24.1,22.06,"4,528,000"
20-Aug-21,23.6,23.91,23.57,23.88,21.86,"3,372,800"
19-Aug-21,23.31,23.68,23.23,23.55,21.56,"4,911,400"
18-Aug-21,23.51,23.87,23.47,23.48,21.49,"5,935,700"
17-Aug-21,23.61,23.75,23.39,23.56,21.56,"4,824,700"
16-Aug-21,23.55,23.61,23.32,23.4,21.42,"3,635,400"
13-Aug-21,23.39,23.74,23.37,23.63,21.63,"3,686,500"
12-Aug-21,23.1,23.45,23.05,23.32,21.35,"4,147,900"
11-Aug-21,22.84,22.99,22.82,22.99,21.04,"2,829,800"
10-Aug-21,22.97,23.08,22.74,22.78,20.85,"4,794,100"
09-Aug-21,22.77,22.93,22.76,22.88,20.94,"4,917,800"
06-Aug-21,22.47,22.81,22.43,22.81,20.88,"4,067,000"
05-Aug-21,22.74,22.79,22.53,22.58,20.67,"5,253,200"
04-Aug-21,22.69,22.75,22.52,22.64,20.72,"5,665,100"
03-Aug-21,22.53,22.93,22.53,22.88,20.94,"6,607,800"
02-Aug-21,22.29,22.46,22.21,22.27,20.38,"5,538,200"
30-Jul-21,21.88,22.13,21.84,22.12,20.25,"4,464,000"
29-Jul-21,21.87,22.14,21.87,21.92,20.06,"5,947,800"
28-Jul-21,21.86,21.93,21.72,21.85,20,"3,593,400"
27-Jul-21,21.6,21.79,21.55,21.71,19.87,"9,226,700"
26-Jul-21,21.8,21.82,21.57,21.71,19.87,"4,878,400"
23-Jul-21,21.37,21.74,21.37,21.73,19.89,"4,814,800"
22-Jul-21,21.45,21.49,21.31,21.33,19.52,"4,106,800"
21-Jul-21,20.98,21.32,20.94,21.31,19.51,"4,023,500"
20-Jul-21,20.74,21.02,20.74,20.94,19.17,"3,727,700"
19-Jul-21,20.62,20.77,20.5,20.64,18.89,"6,212,800"
16-Jul-21,21.08,21.2,20.8,20.86,19.09,"10,653,200"
15-Jul-21,21.34,21.4,21.07,21.13,19.34,"5,026,900"
14-Jul-21,21.53,21.87,21.28,21.39,19.58,"6,837,200"
13-Jul-21,20.9,21.09,20.88,21.05,19.27,"8,872,500"
12-Jul-21,21.05,21.11,21.01,21.05,19.27,"5,247,100"
09-Jul-21,21.07,21.34,20.99,21.34,19.53,"4,808,400"
08-Jul-21,20.87,20.95,20.75,20.95,19.18,"5,439,400"
07-Jul-21,21.2,21.23,20.96,21.18,19.39,"4,256,200"
06-Jul-21,21.03,21.11,20.98,21.11,19.32,"5,728,600"
02-Jul-21,21.1,21.15,21.02,21.07,19.29,"4,908,600"
01-Jul-21,21.18,21.24,20.84,20.96,19.18,"4,670,600"
30-Jun-21,21.41,21.43,21.17,21.19,19.4,"6,493,500"
29-Jun-21,21.31,21.5,21.22,21.45,19.63,"4,748,600"
28-Jun-21,21.37,21.5,21.2,21.29,19.49,"4,669,000"
25-Jun-21,21.43,21.51,21.13,21.25,19.45,"5,249,200"
24-Jun-21,21.35,21.45,21.19,21.19,19.4,"5,937,000"
23-Jun-21,20.55,20.71,20.52,20.69,18.94,"5,710,100"
22-Jun-21,20.5,20.78,20.41,20.76,19,"5,596,100"
21-Jun-21,20.38,20.54,20.31,20.53,18.79,"4,007,600"
18-Jun-21,20.59,20.64,20.16,20.19,18.48,"11,423,400"
17-Jun-21,20.47,20.74,20.42,20.67,18.92,"8,568,500"
16-Jun-21,20.41,20.5,20.3,20.38,18.65,"5,797,500"
15-Jun-21,20.64,20.64,20.21,20.23,18.52,"7,477,400"
14-Jun-21,20.36,20.6,20.31,20.45,18.72,"10,214,000"
11-Jun-21,19.99,20.55,19.92,20.54,18.8,"14,076,000"
10-Jun-21,19.78,19.91,19.72,19.89,18.21,"6,716,400"
09-Jun-21,19.5,19.7,19.5,19.66,18,"4,972,800"
08-Jun-21,19.58,19.65,19.39,19.5,17.85,"7,916,900"
07-Jun-21,19.29,19.48,19.22,19.4,17.76,"10,765,100"
04-Jun-21,19.21,19.29,19.08,19.29,17.66,"6,484,000"
03-Jun-21,19.18,19.26,19.09,19.14,17.52,"5,827,400"
02-Jun-21,19.09,19.29,19.08,19.29,17.66,"6,886,400"
01-Jun-21,19.17,19.33,19.11,19.27,17.64,"9,107,300"
28-May-21,19.29,19.41,19.24,19.34,17.7,"2,151,400"
27-May-21,19.41,19.48,19.37,19.37,17.55,"2,931,900"
26-May-21,19.18,19.36,19.12,19.26,17.45,"3,753,500"
25-May-21,18.85,18.94,18.71,18.73,16.97,"7,172,000"
24-May-21,18.65,18.71,18.61,18.67,16.91,"3,840,400"
21-May-21,18.8,18.83,18.7,18.72,16.96,"6,448,300"
20-May-21,18.44,18.69,18.43,18.65,16.89,"7,019,600"
19-May-21,18.19,18.45,18.18,18.44,16.7,"4,322,700"
18-May-21,18.32,18.48,18.26,18.26,16.54,"5,303,000"
17-May-21,18.18,18.22,18.1,18.17,16.46,"2,734,500"
14-May-21,18.02,18.18,17.98,18.16,16.45,"3,293,200"
13-May-21,17.91,18.06,17.83,17.88,16.2,"6,264,900"
12-May-21,18.05,18.16,17.81,17.84,16.16,"5,670,600"
11-May-21,18.13,18.2,18.02,18.19,16.48,"3,729,400"
10-May-21,18.3,18.44,18.27,18.36,16.63,"9,179,500"
07-May-21,18.62,18.65,18.38,18.38,16.65,"5,220,800"
06-May-21,18.35,18.62,18.32,18.6,16.85,"10,426,600"
05-May-21,18.31,18.34,18.15,18.29,16.57,"3,762,400"
04-May-21,18,18.11,17.92,18.11,16.41,"4,087,700"
03-May-21,18.25,18.27,18.15,18.2,16.49,"3,800,500"
30-Apr-21,18.26,18.37,18.08,18.08,16.38,"7,073,500"
29-Apr-21,18.4,18.46,18.27,18.46,16.72,"6,545,400"
28-Apr-21,18.15,18.36,18.15,18.23,16.51,"5,157,000"
27-Apr-21,18.09,18.12,17.93,18.11,16.41,"5,042,200"
26-Apr-21,17.98,18.01,17.84,18.01,16.31,"5,313,100"
23-Apr-21,17.81,17.96,17.77,17.89,16.21,"4,617,800"
22-Apr-21,18.04,18.06,17.81,17.85,16.17,"9,373,800"
21-Apr-21,17.98,18.2,17.91,18.1,16.4,"7,225,100"
20-Apr-21,18.07,18.11,17.9,18.03,16.33,"6,985,200"
19-Apr-21,18.15,18.29,18.06,18.26,16.54,"5,469,500"
16-Apr-21,18.17,18.55,18.05,18.18,16.47,"15,005,500"
15-Apr-21,18.02,18.13,17.87,18,16.31,"13,117,600"
14-Apr-21,17.5,17.88,17.24,17.31,15.68,"16,177,500"
13-Apr-21,18.78,18.89,18.4,18.41,16.68,"11,356,300"
12-Apr-21,19.13,19.22,19,19.12,17.32,"8,059,200"
09-Apr-21,19.35,19.56,19.34,19.54,17.7,"5,214,200"
08-Apr-21,19.38,19.4,19.21,19.32,17.5,"3,862,300"
07-Apr-21,19.33,19.33,19.16,19.21,17.4,"4,643,600"
06-Apr-21,19.33,19.41,19.31,19.34,17.52,"4,428,600"
05-Apr-21,19.26,19.39,19.15,19.37,17.55,"3,919,100"
01-Apr-21,18.92,19.04,18.87,19.01,17.22,"4,213,100"
31-Mar-21,18.75,18.83,18.66,18.72,16.96,"8,991,400"
30-Mar-21,18.79,18.91,18.75,18.8,17.03,"7,845,100"
29-Mar-21,18.7,18.74,18.36,18.43,16.7,"8,066,300"
26-Mar-21,18.53,18.72,18.3,18.72,16.96,"13,425,300"
25-Mar-21,18.47,18.56,18.25,18.46,16.72,"6,647,900"
24-Mar-21,18.74,18.84,18.58,18.66,16.9,"8,412,700"
23-Mar-21,18.95,18.95,18.7,18.71,16.95,"8,851,000"
22-Mar-21,18.96,19.18,18.8,19.07,17.27,"6,428,000"
19-Mar-21,18.56,18.79,18.39,18.75,16.98,"17,303,400"
18-Mar-21,18.67,18.73,18.35,18.38,16.65,"9,617,900"
17-Mar-21,19.19,19.2,18.85,19.1,17.3,"9,004,400"
16-Mar-21,19.22,19.37,19.16,19.33,17.51,"7,418,200"
15-Mar-21,18.91,19.16,18.85,19.15,17.35,"5,134,500"
12-Mar-21,18.8,18.92,18.75,18.91,17.13,"7,452,500"
11-Mar-21,18.91,19.16,18.85,19.08,17.28,"5,679,200"
10-Mar-21,18.79,18.8,18.57,18.68,16.92,"7,418,300"
09-Mar-21,18.44,18.63,18.37,18.6,16.85,"7,090,100"
08-Mar-21,18.29,18.41,17.98,17.98,16.29,"8,450,900"
05-Mar-21,18.25,18.3,17.84,18.28,16.56,"8,946,500"
04-Mar-21,18.29,18.68,18.01,18.17,16.46,"11,867,600"
03-Mar-21,18.41,18.61,18.11,18.46,16.72,"22,911,800"
02-Mar-21,17.92,18.09,17.79,18.02,16.32,"10,306,600"
01-Mar-21,17.42,17.67,17.38,17.66,16,"7,592,500"
26-Feb-21,17.2,17.29,16.94,17.12,15.51,"7,422,400"
25-Feb-21,17.55,17.71,17.29,17.39,15.75,"7,412,800"
24-Feb-21,17.49,17.75,17.3,17.68,16.02,"8,022,800"
23-Feb-21,17.44,17.5,17.15,17.38,15.74,"8,335,700"
22-Feb-21,17.53,17.68,17.5,17.61,15.95,"10,941,900"
19-Feb-21,17.86,17.99,17.85,17.94,16.25,"8,937,800"
18-Feb-21,17.68,17.83,17.59,17.83,16.15,"12,267,700"
17-Feb-21,17.62,17.72,17.48,17.6,15.94,"8,422,200"
16-Feb-21,17.83,17.9,17.66,17.75,16.08,"5,857,800"
12-Feb-21,17.9,18.16,17.89,18.07,16.37,"9,810,300"
11-Feb-21,17.65,17.92,17.63,17.83,16.15,"6,324,400"
10-Feb-21,17.82,17.82,17.42,17.5,15.85,"13,180,500"
09-Feb-21,17.86,17.88,17.63,17.64,15.98,"7,973,500"
08-Feb-21,17.99,18.01,17.81,17.96,16.27,"3,621,600"
05-Feb-21,17.5,17.65,17.39,17.63,15.97,"6,952,900"
04-Feb-21,17.54,17.64,17.36,17.59,15.93,"4,439,600"
03-Feb-21,17.6,17.75,17.49,17.65,15.99,"4,677,800"
02-Feb-21,17.45,17.51,17.34,17.44,15.8,"4,119,800"
01-Feb-21,17.19,17.42,17.05,17.38,15.74,"5,829,200"
29-Jan-21,17.16,17.23,16.88,16.88,15.29,"9,671,400"
28-Jan-21,17.46,17.75,17.41,17.64,15.98,"7,877,600"
27-Jan-21,17.65,17.89,17.44,17.47,15.83,"11,388,300"
26-Jan-21,17.92,17.92,17.75,17.85,16.17,"5,472,600"
25-Jan-21,18.15,18.22,17.84,17.92,16.23,"6,012,600"
22-Jan-21,18.23,18.27,18.06,18.18,16.47,"5,663,500"
21-Jan-21,18.39,18.4,18.15,18.2,16.49,"7,963,400"
20-Jan-21,18.37,18.47,18.29,18.4,16.67,"5,408,500"
19-Jan-21,18.08,18.18,17.95,18.12,16.41,"7,179,600"
15-Jan-21,18.19,18.38,18.11,18.17,16.46,"7,443,000"
14-Jan-21,18.57,18.65,18.14,18.22,16.5,"13,286,100"
13-Jan-21,19.03,19.07,18.4,18.43,16.7,"18,409,900"
12-Jan-21,18.92,18.94,18.54,18.6,16.85,"10,629,100"
11-Jan-21,18.68,18.86,18.55,18.76,16.99,"12,220,600"
08-Jan-21,18.07,18.61,18.02,18.59,16.84,"17,802,400"
07-Jan-21,17.36,17.55,17.26,17.55,15.9,"10,272,000"
06-Jan-21,17.4,17.79,17.34,17.73,16.06,"9,136,300"
05-Jan-21,17.32,17.67,17.32,17.65,15.99,"8,109,900"
04-Jan-21,17.39,17.43,17.06,17.25,15.63,"12,597,600"
31-Dec-20,17.01,17.03,16.89,16.95,15.35,"3,693,700"
30-Dec-20,16.87,17,16.83,16.93,15.34,"3,877,200"
29-Dec-20,16.9,16.9,16.67,16.76,15.18,"8,473,700"
28-Dec-20,16.73,16.84,16.72,16.77,15.19,"4,239,300"
24-Dec-20,16.68,16.69,16.52,16.6,15.04,"1,320,600"
23-Dec-20,16.9,16.93,16.57,16.59,15.03,"5,913,500"
22-Dec-20,16.39,16.74,16.36,16.58,15.02,"6,714,400"
21-Dec-20,15.91,15.94,15.78,15.93,14.43,"4,495,200"
18-Dec-20,16.18,16.26,16.11,16.22,14.69,"7,731,400"
17-Dec-20,15.75,16.35,15.73,16.21,14.68,"8,951,800"
16-Dec-20,15.69,15.75,15.53,15.66,14.19,"7,215,800"
15-Dec-20,15.63,15.74,15.49,15.61,14.14,"14,062,300"
14-Dec-20,15.67,15.75,15.65,15.66,14.19,"5,500,900"
11-Dec-20,15.61,15.8,15.61,15.74,14.26,"7,196,400"
10-Dec-20,15.66,15.7,15.47,15.5,14.04,"10,106,200"
09-Dec-20,16.06,16.09,15.46,15.53,14.07,"13,918,100"
08-Dec-20,15.7,16.03,15.66,16.01,14.5,"11,478,600"
07-Dec-20,15.64,15.73,15.55,15.62,14.15,"5,835,700"
04-Dec-20,15.42,15.76,15.41,15.75,14.27,"8,994,600"
03-Dec-20,15.3,15.32,15.17,15.24,13.81,"13,907,300"
02-Dec-20,15.53,15.56,15.27,15.41,13.96,"7,482,800"
01-Dec-20,15.49,15.51,15.32,15.38,13.93,"8,176,000"
30-Nov-20,14.91,15.24,14.84,15.22,13.79,"9,652,400"
27-Nov-20,15,15.11,14.89,14.92,13.52,"4,397,900"
25-Nov-20,15.16,15.26,15.04,15.1,13.68,"5,194,100"
24-Nov-20,15.52,15.6,15.45,15.53,14.07,"12,677,400"
23-Nov-20,15.3,15.39,15.23,15.38,13.93,"5,346,400"
20-Nov-20,14.98,15.04,14.9,14.91,13.51,"4,172,000"
19-Nov-20,14.93,14.93,14.76,14.83,13.43,"5,856,300"
18-Nov-20,15.16,15.2,14.98,14.99,13.58,"7,971,200"
17-Nov-20,15.16,15.35,15.13,15.28,13.84,"12,855,000"
16-Nov-20,15.29,15.53,15.27,15.46,14,"7,321,200"
13-Nov-20,15.01,15.29,14.98,15.29,13.85,"7,086,500"
12-Nov-20,14.84,15.16,14.84,14.95,13.54,"15,504,200"
11-Nov-20,14.85,15.09,14.83,15.09,13.67,"8,851,700"
10-Nov-20,14.54,14.61,14.4,14.54,13.17,"6,081,300"
09-Nov-20,15.35,15.41,14.83,14.83,13.43,"6,601,300"
06-Nov-20,15.07,15.14,14.82,14.93,13.52,"5,514,900"
05-Nov-20,14.93,15.05,14.86,15.01,13.6,"6,133,400"
04-Nov-20,14.66,14.86,14.62,14.68,13.3,"5,624,600"
03-Nov-20,14.23,14.46,14.2,14.3,12.95,"4,398,900"
02-Nov-20,14.36,14.44,14.17,14.25,12.91,"5,958,100"
30-Oct-20,14.23,14.28,14.05,14.27,12.93,"9,171,900"
29-Oct-20,14.46,14.46,14.21,14.28,12.94,"11,173,300"
28-Oct-20,14.5,14.55,14.29,14.38,13.03,"11,488,500"
27-Oct-20,14.8,14.9,14.71,14.85,13.45,"9,214,500"
26-Oct-20,15.02,15.09,14.85,14.92,13.52,"9,727,200"
23-Oct-20,15.15,15.3,15.13,15.22,13.79,"7,125,700"
22-Oct-20,15.28,15.38,15.13,15.35,13.76,"6,873,600"
21-Oct-20,15.5,15.65,15.3,15.34,13.75,"13,686,700"
20-Oct-20,15.32,15.4,15.25,15.37,13.77,"14,350,400"
19-Oct-20,15.37,15.42,15.12,15.14,13.57,"28,085,300"
16-Oct-20,15.43,15.57,15.43,15.51,13.9,"13,317,600"
15-Oct-20,15.18,15.3,15.12,15.26,13.68,"16,033,700"
14-Oct-20,16.01,16.62,15.97,16.36,14.66,"26,818,600"
13-Oct-20,15.61,15.81,15.58,15.72,14.09,"14,513,000"
12-Oct-20,15.35,15.6,15.31,15.55,13.94,"17,959,500"
09-Oct-20,14.97,15.26,14.92,15.2,13.62,"8,471,800"
08-Oct-20,14.84,14.9,14.72,14.8,13.26,"11,197,000"
07-Oct-20,14.31,14.58,14.29,14.54,13.03,"18,332,700"
06-Oct-20,14.14,14.19,13.89,13.89,12.45,"11,187,800"
05-Oct-20,14.17,14.2,14.02,14.05,12.59,"10,194,400"
02-Oct-20,13.69,13.74,13.57,13.67,12.25,"7,740,400"
01-Oct-20,13.84,13.9,13.71,13.76,12.33,"5,418,500"
30-Sep-20,13.58,13.94,13.56,13.81,12.38,"14,130,900"
29-Sep-20,13.64,13.69,13.49,13.56,12.15,"7,928,900"
28-Sep-20,13.67,13.71,13.6,13.63,12.21,"5,855,400"
25-Sep-20,13.47,13.58,13.3,13.57,12.16,"7,882,000"
24-Sep-20,13.12,13.2,13.02,13.05,11.7,"8,873,500"
23-Sep-20,13.77,13.81,13.56,13.59,12.18,"7,495,000"
22-Sep-20,13.61,13.85,13.58,13.84,12.4,"6,974,600"
21-Sep-20,13.51,13.62,13.41,13.61,12.2,"7,650,300"
18-Sep-20,13.57,13.64,13.44,13.5,12.1,"9,845,100"
17-Sep-20,13.6,13.7,13.51,13.67,12.25,"7,972,500"
16-Sep-20,13.54,13.74,13.54,13.56,12.15,"9,852,400"
15-Sep-20,13.32,13.49,13.31,13.34,11.96,"6,924,000"
14-Sep-20,13.18,13.29,13.11,13.24,11.87,"8,960,900"
11-Sep-20,12.8,12.88,12.68,12.76,11.44,"6,581,600"
10-Sep-20,12.8,12.87,12.59,12.6,11.29,"6,190,200"
09-Sep-20,12.64,12.8,12.64,12.75,11.43,"8,273,900"
08-Sep-20,12.5,12.73,12.5,12.67,11.35,"12,523,700"
04-Sep-20,12.53,12.56,12.2,12.44,11.15,"8,113,900"
03-Sep-20,12.72,12.73,12.39,12.47,11.18,"10,269,900"
02-Sep-20,12.74,12.75,12.65,12.73,11.41,"5,592,400"
01-Sep-20,12.58,12.71,12.53,12.67,11.35,"5,259,700"
31-Aug-20,12.65,12.68,12.6,12.6,11.29,"6,849,000"
28-Aug-20,12.84,12.96,12.77,12.81,11.48,"7,646,900"
27-Aug-20,12.9,12.91,12.72,12.78,11.45,"4,566,200"
26-Aug-20,12.91,12.94,12.84,12.88,11.54,"4,183,300"
25-Aug-20,12.65,12.86,12.6,12.81,11.48,"6,969,300"
24-Aug-20,12.76,12.87,12.68,12.79,11.46,"9,428,400"
21-Aug-20,12.72,12.72,12.57,12.6,11.29,"9,835,700"
20-Aug-20,12.67,12.92,12.65,12.82,11.49,"6,882,100"
19-Aug-20,12.83,13.03,12.78,12.8,11.47,"5,985,500"
18-Aug-20,12.89,12.99,12.82,12.98,11.63,"5,540,700"
17-Aug-20,12.79,12.95,12.79,12.87,11.53,"6,155,300"
14-Aug-20,12.74,12.77,12.65,12.72,11.4,"7,091,800"
13-Aug-20,12.71,12.81,12.66,12.78,11.45,"8,451,400"
12-Aug-20,12.72,12.79,12.63,12.76,11.44,"8,224,800"
11-Aug-20,12.65,12.8,12.63,12.63,11.32,"7,169,100"
10-Aug-20,12.63,12.7,12.52,12.59,11.28,"7,134,300"
07-Aug-20,12.69,12.74,12.54,12.6,11.29,"10,051,700"
06-Aug-20,12.89,12.94,12.73,12.83,11.5,"9,597,900"
05-Aug-20,12.68,12.73,12.6,12.65,11.34,"9,359,800"
04-Aug-20,12.75,12.75,12.6,12.64,11.33,"9,241,900"
03-Aug-20,12.79,12.97,12.71,12.92,11.58,"8,779,600"
31-Jul-20,12.97,12.98,12.76,12.85,11.52,"8,049,700"
30-Jul-20,12.71,12.99,12.69,12.95,11.61,"10,135,600"
29-Jul-20,12.66,12.92,12.65,12.85,11.52,"13,711,300"
28-Jul-20,12.75,12.79,12.57,12.58,11.27,"9,797,300"
27-Jul-20,12.68,12.7,12.55,12.67,11.35,"6,335,100"
24-Jul-20,12.25,12.4,12.16,12.33,11.05,"8,750,200"
23-Jul-20,12.25,12.4,12.17,12.24,10.97,"11,821,600"
22-Jul-20,12.34,12.46,12.26,12.3,11.02,"10,959,500"
21-Jul-20,12.59,12.63,12.46,12.49,11.19,"14,563,100"
20-Jul-20,12.52,12.61,12.33,12.58,11.27,"16,665,600"
17-Jul-20,12.11,12.36,12.02,12.27,11,"20,643,000"
16-Jul-20,12,12.27,11.91,12.23,10.96,"21,368,700"
15-Jul-20,11.71,12.2,11.65,11.91,10.67,"34,662,300"
14-Jul-20,10.31,10.59,10.28,10.59,9.49,"13,468,400"
13-Jul-20,10.49,10.63,10.44,10.47,9.38,"13,485,700"
10-Jul-20,10.26,10.4,10.22,10.39,9.31,"7,959,000"
09-Jul-20,10.35,10.37,10.15,10.23,9.17,"9,799,800"
08-Jul-20,10.1,10.37,10.1,10.34,9.27,"15,182,500"
07-Jul-20,10.33,10.4,10.22,10.24,9.18,"17,172,600"
06-Jul-20,10.16,10.23,10.07,10.11,9.06,"8,629,600"
02-Jul-20,10,10.04,9.89,9.92,8.89,"12,533,400"
01-Jul-20,9.56,9.73,9.53,9.68,8.68,"12,302,500"
30-Jun-20,9.56,9.7,9.52,9.66,8.66,"10,269,600"
29-Jun-20,9.5,9.58,9.43,9.57,8.58,"7,814,800"
26-Jun-20,9.66,9.72,9.47,9.53,8.54,"14,009,200"
25-Jun-20,9.06,9.3,9.05,9.29,8.33,"8,126,100"
24-Jun-20,9.33,9.38,9.03,9.07,8.13,"13,176,300"
23-Jun-20,9.46,9.57,9.4,9.42,8.44,"8,398,100"
22-Jun-20,9.2,9.26,9.1,9.15,8.2,"7,625,100"
19-Jun-20,9.28,9.37,9.15,9.16,8.21,"8,513,200"
18-Jun-20,9.26,9.35,9.17,9.22,8.26,"8,988,700"
17-Jun-20,9.11,9.36,9.11,9.33,8.36,"15,289,000"
16-Jun-20,9.2,9.32,9.07,9.12,8.17,"15,298,100"
15-Jun-20,8.94,9.24,8.91,9.22,8.26,"7,467,600"
12-Jun-20,8.97,9.13,8.88,9.11,8.16,"6,634,900"
11-Jun-20,9.13,9.15,8.84,8.86,7.94,"10,391,500"
10-Jun-20,9.37,9.39,9.21,9.3,8.33,"12,306,300"
09-Jun-20,9.45,9.45,9.28,9.33,8.36,"8,096,900"
08-Jun-20,9.47,9.59,9.42,9.56,8.57,"11,967,900"
05-Jun-20,9.39,9.55,9.36,9.38,8.41,"8,806,000"
04-Jun-20,9.24,9.39,9.18,9.27,8.31,"15,375,600"
03-Jun-20,9.43,9.46,9.23,9.27,8.31,"13,863,000"
02-Jun-20,9.34,9.41,9.29,9.38,8.41,"6,388,700"
01-Jun-20,9.16,9.29,9.16,9.26,8.3,"3,269,200"
29-May-20,9.04,9.14,8.98,9.1,8.16,"7,768,600"
28-May-20,9.37,9.41,9.17,9.19,8.12,"12,831,000"
27-May-20,9.2,9.39,9.19,9.35,8.26,"10,198,100"
26-May-20,9.17,9.2,8.92,9.07,8.02,"8,686,400"
22-May-20,9.06,9.07,8.98,9.05,8,"5,827,800"
21-May-20,8.96,9.02,8.87,8.93,7.89,"11,336,400"
20-May-20,8.89,9.04,8.85,9,7.95,"10,458,500"
19-May-20,8.96,8.98,8.77,8.79,7.77,"12,363,000"
18-May-20,8.87,9.03,8.85,8.96,7.92,"9,250,200"
15-May-20,8.55,8.72,8.54,8.7,7.69,"6,360,300"
14-May-20,8.46,8.69,8.37,8.68,7.67,"14,592,500"
13-May-20,9.13,9.14,8.51,8.55,7.56,"25,972,500"
12-May-20,9.17,9.39,9.08,9.15,8.09,"14,818,900"
11-May-20,9.14,9.14,8.9,9,7.95,"6,883,800"
