Date,Open,High,Low,Close,Volume
09-May-25,667.5,711,666,708.5,"40,183,276"
08-May-25,700,704.5,677.2,682.85,"29,315,465"
07-May-25,642,682.5,641.15,680.3,"30,390,515"
06-May-25,661.55,663.2,645.5,648.2,"12,718,175"
05-May-25,662.95,666.65,655.85,661.55,"8,868,484"
02-May-25,641,661.35,635.55,649.1,"11,488,717"
30-Apr-25,667,667,641.1,644.25,"19,485,917"
29-Apr-25,671.45,682.9,661.6,665.6,"13,754,685"
28-Apr-25,654.3,669.6,652.55,668.15,"10,243,493"
25-Apr-25,668.35,673,651.5,655.25,"13,207,043"
24-Apr-25,660.1,671,660.1,668.35,"15,172,229"
23-Apr-25,635.95,661.5,633.35,659.9,"23,390,570"
22-Apr-25,630.25,633.95,626.2,630.85,"10,292,748"
21-Apr-25,624.6,635.75,620.2,630.05,"12,785,568"
17-Apr-25,616.05,627,608.25,621.55,"14,342,652"
16-Apr-25,625,625,613.6,616.05,"12,318,376"
15-Apr-25,614,628.3,612.65,622.2,"19,722,072"
11-Apr-25,610,612.8,591,595.05,"21,055,814"
09-Apr-25,588,594.9,581.05,582.9,"17,483,412"
08-Apr-25,591.2,606.6,584.2,588.85,"20,987,855"
07-Apr-25,560.5,582,535.75,579.75,"49,463,598"
04-Apr-25,650,650,610,613.85,"26,621,179"
03-Apr-25,660,669,652.5,653.95,"13,473,832"
02-Apr-25,674.95,675.35,662.1,671.9,"8,025,225"
01-Apr-25,670.55,681.85,665.75,671.85,"9,594,669"
28-Mar-25,671.85,684.95,669.3,674.45,"16,013,687"
27-Mar-25,668,676.6,661.1,668.55,"34,238,666"
26-Mar-25,710.3,717.85,707,708.25,"9,363,180"
25-Mar-25,719,723.05,706.35,710.3,"13,617,465"
24-Mar-25,710,717.5,702.05,713.5,"11,671,359"
21-Mar-25,693,705,688.55,702.95,"14,823,483"
20-Mar-25,685,692.7,679,690.05,"9,712,600"
19-Mar-25,685.4,685.75,678.55,682.25,"9,338,414"
18-Mar-25,661.05,661.05,661.05,661.05,-
17-Mar-25,665.05,666.45,657.45,661.05,"9,174,398"
13-Mar-25,670.65,671.85,649.6,655.5,"14,004,345"
12-Mar-25,654.5,671.9,652.25,668.3,"18,732,785"
11-Mar-25,640,651.15,638.45,648.05,"9,534,750"
10-Mar-25,648.3,654.25,643.35,648.15,"10,309,166"
07-Mar-25,640,651.5,635,648.3,"10,123,450"
06-Mar-25,653.25,655.95,635.6,639.65,"16,991,501"
05-Mar-25,619,641.6,618.6,640.8,"12,373,061"
04-Mar-25,613.45,629.15,613,619.2,"11,878,225"
03-Mar-25,620.65,626.85,606.3,621.15,"18,362,700"
28-Feb-25,645,645,618.45,620.65,"20,477,619"
27-Feb-25,662,665,645.65,648.55,"12,281,857"
25-Feb-25,667.75,672.5,660,661.6,"10,251,257"
24-Feb-25,670,676.6,666,668.25,"8,861,769"
21-Feb-25,686,690,671.1,673.2,"14,577,524"
20-Feb-25,680,692.85,675,689.8,"8,673,335"
19-Feb-25,681.75,690.95,675.05,681,"9,986,815"
18-Feb-25,686.6,687.95,672.15,682.4,"7,810,143"
17-Feb-25,678,690.7,667.05,686.6,"10,313,575"
14-Feb-25,685.95,690.95,669.15,680.65,"9,968,127"
13-Feb-25,684.35,693.15,679.35,683.85,"8,490,769"
12-Feb-25,680,687.55,667.05,684.35,"12,312,424"
11-Feb-25,696,697,675.1,677.75,"11,939,990"
10-Feb-25,709.75,709.9,693.05,696,"10,981,963"
07-Feb-25,711,715.95,703.1,706.75,"12,259,132"
06-Feb-25,723,723.4,708.15,709.65,"10,016,927"
05-Feb-25,711,725.45,710.7,717.05,"12,907,325"
04-Feb-25,696.3,713.35,693.75,710.55,"16,792,005"
03-Feb-25,700,700,686,687.45,"17,806,760"
01-Feb-25,719.5,724.75,700.9,706.55,"14,087,493"
31-Jan-25,706,717,696.45,716.1,"19,157,717"
30-Jan-25,709,710.7,683.2,696.85,"59,390,998"
29-Jan-25,731.5,755,726.55,752.5,"12,461,404"
28-Jan-25,716.5,740.85,707.5,728.25,"16,104,653"
27-Jan-25,732.95,732.95,709.3,713.05,"14,123,990"
24-Jan-25,750.05,754.15,732.2,734.1,"9,513,166"
23-Jan-25,742.75,759.7,739.8,752.5,"7,916,689"
22-Jan-25,764.15,765.45,731,742.75,"12,418,474"
21-Jan-25,775,786.65,758.4,760.75,"11,657,178"
20-Jan-25,780,783,767,774.35,"9,956,101"
17-Jan-25,773.9,785.5,772.25,779.75,"7,007,239"
16-Jan-25,769.9,781,767.35,774.35,"8,680,163"
15-Jan-25,771,785,756.05,763.6,"10,500,910"
14-Jan-25,751.5,779,751.5,770.5,"11,377,053"
13-Jan-25,769,773.55,748.8,751,"12,230,175"
10-Jan-25,780.05,787.95,766.8,774.65,"11,144,005"
09-Jan-25,800,810,769.45,780.1,"17,948,464"
08-Jan-25,792.6,797,781.65,794.95,"11,861,066"
07-Jan-25,776,796.95,772.5,793.25,"15,547,971"
06-Jan-25,797.7,797.7,765.3,776.25,"16,948,151"
03-Jan-25,768,800.6,761.45,790.4,"24,773,025"
02-Jan-25,759.3,767.35,749.35,765.05,"15,294,572"
01-Jan-25,740.45,751.1,736,749.25,"7,792,251"
31-Dec-24,733.65,743.4,732.75,740.15,"7,092,699"
30-Dec-24,753.9,754.9,730.7,733.65,"17,441,198"
27-Dec-24,749,766.85,745.7,750.5,"15,835,079"
26-Dec-24,736.1,747.8,735.55,740.8,"9,343,210"
24-Dec-24,723.5,745.3,722.5,736.1,"12,553,555"
23-Dec-24,733.7,734.4,717.7,722.2,"9,653,868"
20-Dec-24,744.3,749.55,721.5,724.05,"17,962,656"
19-Dec-24,744.45,755.8,741.4,744.05,"17,119,599"
18-Dec-24,774,774.25,754,755.7,"19,085,263"
17-Dec-24,785.5,796.35,778,779.75,"10,270,253"
16-Dec-24,791.4,793.95,783,784.8,"10,015,361"
13-Dec-24,789,792.5,775,790.3,"14,101,869"
12-Dec-24,799.2,802,785.5,786.35,"10,602,758"
11-Dec-24,802.9,806.95,798.2,799.1,"7,763,357"
10-Dec-24,804.8,810.45,797.45,799.9,"13,113,082"
09-Dec-24,816.8,820.35,797,798.75,"15,573,233"
06-Dec-24,793,818.85,785.3,816.8,"19,716,910"
05-Dec-24,793,797.5,781,792.55,"12,169,428"
04-Dec-24,805,806,784.05,788.1,"12,392,259"
03-Dec-24,795,806,790,801.25,"9,874,135"
02-Dec-24,787.3,796.75,785,790.05,"8,425,826"
29-Nov-24,779.5,789.4,777.05,786.45,"10,358,590"
28-Nov-24,783,792.55,778,779.45,"10,939,142"
27-Nov-24,785.05,791.9,779.1,783.95,"10,014,685"
26-Nov-24,797.15,801.8,780.15,783,"10,310,838"
25-Nov-24,808.05,810.2,793.65,796.6,"15,194,167"
22-Nov-24,775,794,775,791,"14,535,112"
21-Nov-24,784.95,785.95,766.25,773.85,"14,194,678"
19-Nov-24,771.9,799.9,771.9,783.2,"14,012,014"
18-Nov-24,778,781.75,759.2,771.9,"17,053,446"
14-Nov-24,786.6,792,772,774.3,"11,740,909"
13-Nov-24,787,792.65,775.55,786.25,"14,674,022"
12-Nov-24,806,813.1,783.05,784.85,"16,526,921"
11-Nov-24,801,831.45,792,804.7,"27,587,619"
08-Nov-24,821.95,822,801.1,805.45,"16,072,692"
07-Nov-24,841,842.75,817.3,819.75,"13,237,161"
06-Nov-24,843.9,843.9,826,839.7,"10,579,596"
05-Nov-24,821.5,843.6,820.4,835.65,"10,215,249"
04-Nov-24,840,844.45,814.5,824.1,"15,514,419"
01-Nov-24,847.95,847.95,840,843.45,"2,900,548"
31-Oct-24,843.85,843.85,831.85,834.05,"11,904,413"
30-Oct-24,846,853.6,838.05,840.2,"12,933,218"
29-Oct-24,880.25,882.5,825.7,842.75,"26,818,871"
28-Oct-24,867.85,886.75,860.2,878.45,"7,106,045"
25-Oct-24,883.9,885.75,857.3,864.3,"10,873,022"
24-Oct-24,875.25,890,875.25,880,"7,233,484"
23-Oct-24,879,885.6,863.3,877.65,"10,553,771"
22-Oct-24,905,906.1,875.25,879.5,"13,617,490"
21-Oct-24,912.05,917.65,898.1,903.3,"7,390,557"
18-Oct-24,894.3,917.7,886.8,910.15,"11,527,914"
17-Oct-24,914.95,914.95,890.05,891.6,"13,864,583"
16-Oct-24,917.05,923,900,907.45,"10,298,258"
15-Oct-24,932.95,935.35,913,917.3,"9,058,919"
14-Oct-24,930,940,925.35,928.25,"5,740,649"
11-Oct-24,932,937,928.5,930.7,"4,459,529"
10-Oct-24,933.75,943.6,912.35,928.5,"13,249,851"
09-Oct-24,926.8,948.45,925.5,939.15,"11,557,737"
08-Oct-24,916,924.8,893.85,919.8,"21,177,886"
07-Oct-24,942,944.45,915,927.85,"11,772,546"
04-Oct-24,930,949.2,920,930.75,"19,187,758"
03-Oct-24,939,950.15,925,925.7,"24,418,517"
01-Oct-24,976.9,984.5,958.9,965.2,"10,085,203"
30-Sep-24,993,996.95,971.8,974.65,"12,225,895"
27-Sep-24,996,"1,000.40",989.15,993,"10,360,030"
26-Sep-24,970.8,994.95,965.6,993.15,"21,640,021"
25-Sep-24,982.4,982.5,959.25,963.6,"12,959,075"
24-Sep-24,974,985,972.6,977.3,"12,755,422"
23-Sep-24,973.5,979.2,966.05,971.8,"10,254,297"
20-Sep-24,967,977.5,949.2,970.85,"16,764,981"
19-Sep-24,970.4,978.95,956.35,967,"13,466,770"
18-Sep-24,978.2,983.7,957.15,962.05,"12,044,431"
17-Sep-24,995,995,960,974.95,"44,516,613"
16-Sep-24,997,999.9,984.5,988.4,"5,836,274"
13-Sep-24,994.9,"1,006.00",988,992.1,"13,203,676"
12-Sep-24,976.3,988,958,986.15,"25,675,836"
11-Sep-24,"1,000.00","1,011.55",971.25,976.3,"36,140,411"
10-Sep-24,"1,049.00","1,049.00","1,032.20","1,035.80","6,919,238"
09-Sep-24,"1,049.35","1,049.95","1,026.25","1,038.70","7,206,054"
06-Sep-24,"1,068.80","1,072.95","1,040.50","1,049.35","8,717,377"
05-Sep-24,"1,081.00","1,085.85","1,066.95","1,069.15","7,900,593"
04-Sep-24,"1,079.00","1,085.00","1,072.10","1,080.45","4,665,908"
03-Sep-24,"1,097.60","1,100.00","1,082.20","1,085.10","5,088,731"
02-Sep-24,"1,105.00","1,105.00","1,087.35","1,092.65","8,116,675"
30-Aug-24,"1,113.95","1,115.00","1,097.45","1,111.35","17,647,545"
29-Aug-24,"1,079.05","1,142.00","1,066.00","1,121.65","40,658,159"
28-Aug-24,"1,082.95","1,088.70","1,070.10","1,074.55","8,145,376"
27-Aug-24,"1,093.05","1,096.65","1,075.00","1,077.25","8,813,305"
26-Aug-24,"1,089.00","1,103.35","1,082.85","1,092.40","9,415,039"
23-Aug-24,"1,073.00","1,092.60","1,071.00","1,085.15","10,179,655"
22-Aug-24,"1,090.00","1,094.75","1,064.95","1,068.45","9,377,476"
21-Aug-24,"1,089.00","1,095.30","1,083.30","1,085.20","4,869,876"
20-Aug-24,"1,097.00","1,098.05","1,082.05","1,086.90","5,625,723"
19-Aug-24,"1,105.90","1,107.00","1,085.00","1,087.70","6,911,441"
16-Aug-24,"1,072.00","1,099.95","1,070.00","1,098.35","11,435,650"
14-Aug-24,"1,057.00","1,067.05","1,047.00","1,062.35","8,211,830"
13-Aug-24,"1,074.85","1,075.50","1,048.20","1,053.45","7,508,231"
12-Aug-24,"1,065.00","1,079.90","1,055.00","1,076.15","11,311,050"
09-Aug-24,"1,055.00","1,082.95","1,052.05","1,068.10","15,443,008"
08-Aug-24,"1,034.95","1,056.40","1,027.00","1,041.75","19,529,790"
07-Aug-24,"1,036.05","1,040.20","1,015.05","1,025.30","9,978,703"
06-Aug-24,"1,030.00","1,060.65","1,008.40","1,013.75","16,726,393"
05-Aug-24,"1,059.95","1,065.00","1,014.05","1,016.45","26,651,144"
02-Aug-24,"1,120.00","1,120.00","1,090.05","1,096.65","21,967,812"
01-Aug-24,"1,167.00","1,176.00","1,136.50","1,144.40","14,375,948"
31-Jul-24,"1,164.00","1,167.90","1,145.30","1,156.65","10,860,623"
30-Jul-24,"1,125.80","1,179.00","1,118.60","1,161.85","28,592,304"
29-Jul-24,"1,124.00","1,139.90","1,118.60","1,124.00","11,850,624"
26-Jul-24,"1,111.95","1,120.50","1,083.60","1,118.30","21,232,845"
25-Jul-24,"1,029.00","1,094.00","1,024.35","1,090.95","32,766,835"
24-Jul-24,997.8,"1,034.25",995.15,"1,027.70","11,469,098"
23-Jul-24,"1,007.90","1,008.65",967.2,"1,001.80","10,384,177"
22-Jul-24,990,"1,008.00",976.55,"1,003.15","7,396,198"
19-Jul-24,"1,024.00","1,024.00",986.65,990,"7,400,178"
18-Jul-24,"1,022.95","1,027.00","1,008.00","1,024.55","8,010,324"
16-Jul-24,"1,025.50","1,029.60","1,019.20","1,021.15","4,824,555"
15-Jul-24,"1,021.35","1,029.80","1,017.30","1,024.45","5,847,297"
12-Jul-24,"1,023.85","1,025.90","1,015.00","1,016.75","7,339,644"
11-Jul-24,"1,008.00","1,025.50","1,007.05","1,020.80","11,983,571"
10-Jul-24,"1,015.00","1,019.85",986.05,"1,005.50","13,412,206"
09-Jul-24,"1,000.95","1,017.00",998.1,"1,014.95","10,948,094"
08-Jul-24,"1,005.00","1,016.60",996.2,"1,002.60","13,312,085"
05-Jul-24,"1,005.00","1,006.60",989.95,993.65,"9,050,375"
04-Jul-24,984,"1,004.00",979.6,998.2,"12,139,832"
03-Jul-24,984.95,987.35,973.5,975.65,"7,346,258"
02-Jul-24,"1,004.05","1,005.00",979.1,981.3,"12,284,132"
01-Jul-24,989.75,"1,005.50",985.2,"1,002.05","14,006,105"
28-Jun-24,975,998.5,972.55,989.75,"23,025,267"
27-Jun-24,952.5,974.85,948.05,972.1,"19,385,412"
26-Jun-24,956,962.5,950.1,951.85,"6,908,988"
25-Jun-24,960,962.85,949.3,955,"7,304,128"
24-Jun-24,960.9,963.5,950.05,958.05,"6,655,577"
21-Jun-24,979,980.9,958.1,961.8,"14,303,735"
20-Jun-24,980,988.4,976.35,978.25,"7,299,571"
19-Jun-24,990,994.9,975.15,977.35,"7,605,719"
18-Jun-24,"1,000.00","1,003.55",984,985.9,"9,845,075"
14-Jun-24,990,997.25,981.4,993.4,"11,591,421"
13-Jun-24,"1,002.00","1,002.00",980.75,985.85,"12,157,226"
12-Jun-24,994.5,"1,010.25",987,988.7,"17,527,993"
11-Jun-24,973.8,992.55,966.65,987.1,"14,828,702"
10-Jun-24,977,984.9,969.1,975.15,"9,258,931"
07-Jun-24,940,973,935.25,970.5,"15,577,866"
06-Jun-24,940,946,931.2,938.25,"11,792,640"
05-Jun-24,924.95,933.75,890,929.95,"13,752,553"
04-Jun-24,948,948,855.4,903.9,"26,554,598"
03-Jun-24,963,963,934,950.45,"12,314,329"
31-May-24,931.65,937.25,920.1,923,"14,289,102"
30-May-24,943.5,951.45,921,923.95,"10,170,912"
29-May-24,946.95,950.5,938.8,943.6,"8,184,019"
28-May-24,959,961.9,946,947.55,"6,618,946"
27-May-24,964.9,966.45,952,958.5,"6,916,555"
24-May-24,962.5,970.95,958,960.55,"9,590,588"
23-May-24,950,963.45,945.05,962.35,"11,211,074"
22-May-24,952,954.9,942.55,947.5,"9,495,279"
21-May-24,954,956.65,948.7,951.3,"10,055,258"
17-May-24,944,953.4,941,945.7,"13,205,512"
16-May-24,953.2,954.4,919,936.4,"31,240,770"
15-May-24,970.95,972.95,945.1,947.3,"19,668,239"
14-May-24,965.1,968,953.25,964.65,"16,325,689"
13-May-24,"1,005.00","1,008.70",947.2,959.75,"58,974,762"
10-May-24,"1,037.00","1,050.35","1,030.40","1,046.65","13,383,183"
09-May-24,"1,011.00","1,043.20","1,007.30","1,030.30","19,189,798"
08-May-24,986.95,"1,015.00",977,"1,012.10","7,519,352"
07-May-24,"1,016.20","1,017.95",982.05,988.55,"8,877,426"
06-May-24,"1,015.00","1,019.80","1,005.00","1,016.20","5,724,760"
03-May-24,"1,038.00","1,040.20",996,"1,013.40","11,871,773"
02-May-24,"1,020.00","1,030.00","1,011.55","1,027.80","12,695,047"
30-Apr-24,"1,005.00","1,019.45",997.5,"1,007.90","9,047,011"
29-Apr-24,"1,003.05","1,005.75",999,"1,000.60","4,764,750"
26-Apr-24,"1,007.80","1,008.95",996.6,999.5,"7,937,500"
25-Apr-24,992.5,"1,003.30",989.5,"1,001.25","8,366,455"
24-Apr-24,992.4,995.9,988,991.65,"4,671,450"
23-Apr-24,976,994.5,974.05,986.75,"7,994,116"
22-Apr-24,978.75,978.75,966,973.55,"7,187,959"
19-Apr-24,964,967.95,944,963.2,"15,381,310"
18-Apr-24,996.35,"1,003.10",966.25,971.35,"13,540,490"
16-Apr-24,990,"1,004.90",982.1,992.8,"9,574,762"
15-Apr-24,998.1,"1,006.95",978.5,998.8,"12,632,409"
12-Apr-24,"1,014.00","1,029.00","1,013.50","1,018.50","11,575,194"
10-Apr-24,"1,012.25","1,021.00","1,010.00","1,013.50","4,554,077"
09-Apr-24,"1,021.00","1,029.50","1,005.00","1,008.50","8,539,041"
08-Apr-24,"1,010.05","1,016.40","1,004.00","1,013.20","5,188,052"
05-Apr-24,"1,011.60","1,012.50","1,004.40","1,007.10","4,519,120"
04-Apr-24,"1,016.00","1,017.00",998.15,"1,011.60","9,138,276"
03-Apr-24,"1,004.00","1,014.45",992.55,"1,009.15","8,040,366"
02-Apr-24,999,"1,008.00",993.4,"1,004.65","7,995,931"
01-Apr-24,"1,000.00","1,009.85",987.45,992.25,"8,629,407"
28-Mar-24,982.5,999.9,979,992.8,"9,862,996"
27-Mar-24,991.6,995,976.7,978.65,"6,640,537"
26-Mar-24,977,995,976,986.2,"9,461,531"
22-Mar-24,964.9,986.2,950.35,979.8,"13,638,296"
21-Mar-24,951,969.25,946,964.9,"11,074,207"
20-Mar-24,960.9,965.15,921.2,940.45,"13,900,321"
19-Mar-24,968.55,970.6,951.6,957.75,"9,483,750"
18-Mar-24,945.85,974.8,936.65,972.45,"12,121,719"
15-Mar-24,968.4,979.75,940,945.85,"23,390,913"
14-Mar-24,964.95,982,955.4,967.75,"22,931,801"
13-Mar-24,"1,019.00","1,021.00",963.55,973.2,"16,564,155"
12-Mar-24,"1,027.80","1,037.00","1,011.30","1,016.50","8,763,820"
11-Mar-24,"1,034.75","1,035.95","1,021.00","1,028.00","7,502,450"
07-Mar-24,"1,025.00","1,047.00","1,014.05","1,039.30","16,877,082"
06-Mar-24,"1,025.00","1,030.65","1,009.00","1,017.65","14,214,823"
05-Mar-24,"1,027.00","1,065.60","1,005.35","1,021.90","59,811,033"
04-Mar-24,993.25,995,980.1,987.2,"6,084,495"
01-Mar-24,958.95,980.4,956.7,977.4,"10,645,369"
29-Feb-24,959,959.25,942.9,950.2,"10,346,657"
28-Feb-24,966.15,976,950.3,958.05,"15,219,187"
27-Feb-24,936.75,965,935.5,962.7,"12,810,206"
26-Feb-24,937.1,945,930.7,936.95,"5,600,234"
23-Feb-24,933.1,939.8,929.4,937.4,"7,047,473"
22-Feb-24,924.65,933.85,914.6,932.3,"6,437,014"
21-Feb-24,926.35,937.2,916.5,921.05,"6,011,018"
20-Feb-24,934.45,934.65,920.4,926.35,"4,733,639"
19-Feb-24,942.95,942.95,931.05,932.6,"4,632,214"
16-Feb-24,925,948.8,924.1,938.6,"12,826,164"
15-Feb-24,923.7,927,916.35,920.55,"6,430,799"
14-Feb-24,900,919.95,894.35,918.3,"6,570,939"
13-Feb-24,911.6,919.1,894,906.9,"8,574,218"
12-Feb-24,916.1,925,908,911.6,"7,286,778"
09-Feb-24,926,927.4,906.05,915,"7,904,881"
08-Feb-24,937,939.7,918.8,924.3,"11,576,253"
07-Feb-24,944,944,928.05,933.8,"7,913,010"
06-Feb-24,936.4,941.3,928.4,939.55,"12,714,803"
05-Feb-24,934,950,915.35,926.8,"38,686,871"
02-Feb-24,886,895.75,876.85,878.75,"13,003,437"
01-Feb-24,900,900.15,876.3,878.5,"14,505,885"
31-Jan-24,865.2,896.5,865.2,884.2,"24,562,392"
30-Jan-24,843,885.95,842.85,858.85,"19,734,613"
29-Jan-24,811.85,843.8,811.05,841,"12,823,686"
25-Jan-24,814,814.15,800.3,811.85,"10,109,720"
24-Jan-24,802.4,812,788.5,810.9,"7,217,542"
23-Jan-24,824.9,827.6,796.3,800.45,"9,436,209"
19-Jan-24,823.85,826,819.5,823.55,"5,706,888"
18-Jan-24,807,822.95,797,819.05,"11,500,495"
17-Jan-24,811,813.7,804,805.55,"7,895,439"
16-Jan-24,812.45,827,812.45,818.85,"10,159,066"
15-Jan-24,820,820.4,810.3,812.45,"4,835,856"
12-Jan-24,818.15,818.55,809.15,816.45,"7,664,094"
11-Jan-24,813.5,817.5,808.45,815.65,"11,075,167"
10-Jan-24,800,811,792.65,808.45,"9,980,044"
09-Jan-24,799.95,809.2,793.15,799.8,"12,872,757"
08-Jan-24,798.4,800.35,787.5,789.1,"7,668,471"
05-Jan-24,799,805.9,787.1,790.95,"11,091,198"
04-Jan-24,798,801.8,791.3,795.75,"14,298,444"
03-Jan-24,786.05,790,776.25,781.45,"8,559,060"
02-Jan-24,800.5,804,779,784.4,"13,791,090"
01-Jan-24,785,798.7,781.05,790.6,"12,570,717"
29-Dec-23,755,802.9,754,779.95,"41,170,191"
28-Dec-23,742.65,757.95,739.05,753.9,"14,906,199"
27-Dec-23,728,741.85,725.15,740.9,"15,052,800"
26-Dec-23,727.4,727.5,716.6,719.55,"7,229,143"
22-Dec-23,716.8,731,712,724.7,"12,062,238"
21-Dec-23,703,711.9,696.25,708.85,"7,702,232"
20-Dec-23,730.95,733,703.05,705.25,"8,107,602"
19-Dec-23,732.6,732.6,726,728.95,"4,511,101"
18-Dec-23,732.9,734.75,728.1,730.8,"5,450,397"
15-Dec-23,723.9,734,721.25,732.4,"12,082,079"
14-Dec-23,724,724.7,718.6,719.75,"6,732,352"
13-Dec-23,716,721.45,713.5,720.3,"5,807,736"
12-Dec-23,724.8,724.8,713,715.4,"6,461,539"
11-Dec-23,717.8,726.5,716.55,720.8,"6,403,209"
08-Dec-23,722.05,727.6,707.5,714.55,"8,557,203"
07-Dec-23,725,727.5,716,721.95,"10,451,801"
06-Dec-23,709.05,724.8,709,722.45,"12,148,825"
05-Dec-23,705.9,714.9,705,708.95,"9,601,509"
04-Dec-23,716,717,704.8,705.6,"9,348,036"
01-Dec-23,708,711,703,705.45,"10,565,415"
30-Nov-23,716.3,717.25,697,706.4,"24,275,245"
29-Nov-23,702.75,714.4,694.35,712.35,"16,122,864"
28-Nov-23,677.45,699.45,674.25,697.5,"16,015,860"
24-Nov-23,681.4,681.95,671.25,673.7,"6,951,690"
23-Nov-23,683.2,685.9,677.05,679.95,"5,885,370"
22-Nov-23,683.95,687.35,676.05,681.2,"9,279,642"
21-Nov-23,677,683.3,675,681.7,"7,291,057"
20-Nov-23,682,686.75,670.7,674.3,"8,324,354"
17-Nov-23,682.5,687.65,679.6,681.55,"9,563,220"
16-Nov-23,674,685.5,670.9,680.4,"17,501,373"
15-Nov-23,660,673.5,656.55,671.55,"11,324,434"
13-Nov-23,653,654,649.3,653.25,"3,279,829"
10-Nov-23,649.35,652.95,644,651.05,"6,425,792"
09-Nov-23,644,653.65,642.7,649.35,"10,155,047"
08-Nov-23,648,649.05,641.9,642.55,"6,551,864"
07-Nov-23,645,649.9,643.3,645,"6,588,073"
06-Nov-23,652.85,652.85,643.2,646.05,"10,801,301"
03-Nov-23,662,666,646.2,647.5,"23,087,856"
02-Nov-23,632,638.2,630.1,636.45,"9,934,305"
01-Nov-23,630,633.8,626.3,627.7,"8,785,264"
31-Oct-23,642,642,627.3,628.65,"11,395,766"
30-Oct-23,643.8,643.8,621.85,628.5,"12,786,883"
27-Oct-23,630,643.95,628.45,641.05,"10,232,856"
26-Oct-23,635,635.65,624.15,626.55,"8,889,373"
25-Oct-23,650,651.9,636.05,637.85,"8,229,559"
23-Oct-23,663.65,667.25,645,647.35,"8,564,004"
20-Oct-23,666.65,676.4,660.5,663.2,"11,759,568"
19-Oct-23,662.95,672.3,658.6,668.8,"10,633,043"
18-Oct-23,658.6,672.25,653.8,668.5,"14,908,778"
17-Oct-23,670,670.9,654.65,655.7,"10,263,992"
16-Oct-23,668.55,677.8,661.25,666.2,"20,005,816"
13-Oct-23,633.95,669,633,667.1,"28,011,678"
12-Oct-23,637,640.2,635.05,636.95,"5,928,732"
11-Oct-23,633,637.8,632.6,634,"7,701,931"
10-Oct-23,620,632.5,617.6,630.55,"9,833,429"
09-Oct-23,620.8,622,613.7,617.35,"6,381,189"
06-Oct-23,627,627.35,620,622.45,"7,922,379"
05-Oct-23,619,621.35,614.65,619.6,"7,893,892"
04-Oct-23,620.8,620.8,608.3,613.6,"7,612,709"
03-Oct-23,632.6,632.65,618.6,620.45,"6,894,577"
29-Sep-23,618.7,633,617,630.2,"8,969,405"
28-Sep-23,622.9,623.8,612.25,614.1,"6,768,196"
27-Sep-23,619.95,621.9,616.75,620.15,"5,960,490"
26-Sep-23,618.7,625.7,617.95,619.8,"6,271,108"
25-Sep-23,623.85,625.2,617.9,618.7,"6,390,681"
22-Sep-23,628,630.8,619,620.45,"6,551,917"
21-Sep-23,638.5,641.7,624,627.05,"9,266,854"
20-Sep-23,640.7,647,637,638.5,"11,777,925"
18-Sep-23,635.9,644.2,633.15,640.65,"11,108,349"
15-Sep-23,628.7,636.5,627.15,634.25,"18,917,805"
14-Sep-23,628.1,630.8,623.3,624.6,"5,722,295"
13-Sep-23,621,628.5,619.55,625.9,"6,988,358"
12-Sep-23,638,639,615.25,620.8,"12,541,377"
11-Sep-23,634.65,635.4,630.5,634.85,"8,780,510"
08-Sep-23,617.95,628.9,614.2,627.25,"16,190,749"
07-Sep-23,610.9,616.5,609.05,614.9,"6,520,293"
06-Sep-23,611.15,612.55,605.6,610.25,"6,520,064"
05-Sep-23,610,618.9,608.05,611.15,"8,560,651"
04-Sep-23,615.6,615.6,606,609,"8,392,665"
01-Sep-23,604.2,614.9,601.9,611.2,"10,297,492"
31-Aug-23,608.8,609.65,599.05,601,"10,544,271"
30-Aug-23,611.2,612.9,605,605.55,"5,676,055"
29-Aug-23,603.6,610.5,603.6,607.15,"6,956,667"
28-Aug-23,605.4,608.5,601.55,602.4,"7,479,254"
25-Aug-23,610.85,616.7,593.3,605.1,"16,075,509"
24-Aug-23,618,619,609.65,610.95,"7,096,025"
23-Aug-23,622.75,622.75,613.15,613.9,"8,248,333"
22-Aug-23,621.8,626.5,618.6,620.2,"8,534,395"
21-Aug-23,617,623.3,614.8,620.5,"9,580,365"
18-Aug-23,612.8,620.1,610.9,615.8,"11,190,760"
17-Aug-23,620,622,611,613.75,"12,119,293"
16-Aug-23,606.7,621.35,597.3,618.75,"14,562,074"
14-Aug-23,612,612,594.5,607.35,"14,492,164"
11-Aug-23,619.75,624.75,610,611.8,"9,347,707"
10-Aug-23,623,628.3,598,618.25,"53,116,980"
09-Aug-23,610.6,624,605.35,622.55,"13,362,350"
08-Aug-23,612.55,614.75,605.25,607.3,"8,863,640"
07-Aug-23,619,619,608.5,609.5,"9,893,466"
04-Aug-23,624.85,625,613.3,615,"11,806,739"
03-Aug-23,623,626.45,614.15,618.95,"11,458,920"
02-Aug-23,644,644.3,616.45,622.65,"15,762,687"
01-Aug-23,645,652.9,642,643.65,"8,924,219"
31-Jul-23,640.2,645.55,635.9,644.3,"7,502,361"
28-Jul-23,646,646,631.8,635.3,"9,299,530"
27-Jul-23,647,648.45,636.75,643.7,"11,696,851"
26-Jul-23,640,665.4,639,641.1,"31,673,714"
25-Jul-23,636,642.5,633.35,639.45,"13,988,137"
24-Jul-23,627.95,634.45,626.25,629.25,"12,247,844"
21-Jul-23,621,631,617.7,625.75,"12,914,610"
20-Jul-23,622.65,623.6,616.2,621.65,"7,834,891"
19-Jul-23,614,625.3,610.15,620.6,"11,128,348"
18-Jul-23,620.4,620.85,607,612.1,"10,359,400"
17-Jul-23,626.9,627,617.15,618.5,"7,580,645"
14-Jul-23,623,626,619.5,624.9,"7,010,179"
13-Jul-23,625,626.5,615.5,620.65,"9,689,708"
12-Jul-23,629.95,630.8,619.35,621.45,"10,785,502"
11-Jul-23,624.95,630.45,622.15,628.5,"12,051,173"
10-Jul-23,624,634.8,617.55,618.65,"23,802,524"
07-Jul-23,600,624.8,592.2,618.2,"21,066,726"
06-Jul-23,590.8,604.95,588.55,600.8,"14,356,681"
05-Jul-23,592,593,584.95,588.25,"8,715,919"
04-Jul-23,594.4,596.4,589.5,591.45,"6,917,886"
03-Jul-23,600,602.3,590,590.8,"11,131,048"
30-Jun-23,588.35,599,588,595.55,"12,488,047"
28-Jun-23,579,590,575.5,586.65,"16,720,940"
27-Jun-23,570,576.9,568.45,573.1,"9,404,450"
26-Jun-23,560,569,557.8,567.85,"6,986,621"
23-Jun-23,570,571.15,557.7,559.65,"9,362,695"
22-Jun-23,584,584.7,568.2,569.35,"11,229,179"
21-Jun-23,584.95,585.9,574.5,581.4,"9,146,332"
20-Jun-23,566.05,583.95,562.5,583.25,"18,074,902"
19-Jun-23,570.65,573.2,564.2,566.05,"6,280,388"
16-Jun-23,569.65,572.2,566.05,569.8,"8,736,313"
15-Jun-23,571.8,575,567.75,568.45,"12,475,759"
14-Jun-23,566,571.2,564,570.3,"12,713,256"
13-Jun-23,567.7,571.05,560.75,562.2,"12,845,897"
12-Jun-23,567,568.9,560.65,564.15,"7,599,572"
09-Jun-23,564.4,566.45,559.3,562.3,"9,361,533"
08-Jun-23,570,576.55,557,559.7,"21,527,339"
07-Jun-23,558.8,575,552.15,567.95,"20,855,239"
06-Jun-23,549.45,557,545.35,555.75,"15,395,092"
05-Jun-23,539,548.8,537.9,546.25,"15,008,325"
02-Jun-23,537,541.25,532.75,535.9,"12,294,728"
01-Jun-23,527.5,536.25,522.85,535.2,"12,511,265"
31-May-23,519.95,527.5,516.4,526.3,"12,327,284"
30-May-23,521.45,523.5,518,518.8,"5,134,688"
29-May-23,525,525.1,519.7,521.45,"6,596,504"
26-May-23,514.9,519.75,512.2,518.45,"8,360,570"
25-May-23,518,518,509.1,514.85,"11,543,712"
24-May-23,527.15,529.65,519.15,520.2,"7,648,284"
23-May-23,522.5,531,521.15,528.5,"12,256,902"
22-May-23,524.95,527,519.35,522.5,"9,978,339"
19-May-23,509.8,526.4,504.75,524.95,"19,343,560"
18-May-23,518.8,520.9,507.1,508.45,"12,293,322"
17-May-23,522.5,523.95,512.5,515.5,"13,684,847"
16-May-23,533.95,535.95,518.85,521.15,"16,514,882"
15-May-23,523.85,537.15,521.5,530.85,"38,270,067"
12-May-23,513.9,520.5,510.3,515.95,"19,766,717"
11-May-23,512,514.15,505.5,511.6,"11,454,020"
10-May-23,508,512.9,504.35,509.5,"12,481,404"
09-May-23,502,512.8,501.55,503.65,"19,818,780"
08-May-23,480,502.3,478.1,500.5,"23,515,333"
05-May-23,481.65,484.7,476.15,477.1,"4,830,674"
04-May-23,483.6,486.4,478.75,480.8,"5,650,101"
03-May-23,480.25,485.1,477.75,483.7,"8,529,233"
02-May-23,482.5,484,474.55,480.25,"11,542,592"
28-Apr-23,481.4,488,478.35,484.95,"9,947,813"
27-Apr-23,478.5,482,476.5,481.6,"7,085,793"
26-Apr-23,473,479.5,472.6,478.2,"7,791,425"
25-Apr-23,475.2,476.4,471.9,473.55,"6,888,352"
24-Apr-23,471.2,476,468.3,475.2,"8,020,593"
21-Apr-23,476.7,476.7,467.2,471.2,"8,478,118"
20-Apr-23,473.7,479.7,469.4,476.8,"14,264,206"
19-Apr-23,473,475.5,467.85,469.4,"7,368,610"
18-Apr-23,475,483.35,468.1,473,"16,140,056"
17-Apr-23,471,473,465.8,472.15,"10,710,167"
13-Apr-23,464.95,472,463.25,469.5,"12,733,670"
12-Apr-23,459.35,468.6,458.2,465.5,"13,552,440"
11-Apr-23,463.75,463.75,455.8,458.7,"14,495,222"
10-Apr-23,452.05,473.3,452,461.3,"50,462,653"
06-Apr-23,426.5,439.3,423.75,437.65,"10,907,492"
05-Apr-23,424.25,428.75,423.15,426.55,"8,821,326"
03-Apr-23,423,424.95,419.5,424.25,"6,948,329"
31-Mar-23,411.35,421.75,411,420.8,"11,037,881"
29-Mar-23,401.6,410.6,401.6,409.2,"10,478,506"
28-Mar-23,414.15,414.5,400.45,401.6,"9,553,659"
27-Mar-23,416,418.5,410.25,412.05,"7,433,933"
24-Mar-23,419,420.55,414.8,416.5,"6,877,960"
23-Mar-23,416,422.5,416,419.15,"9,817,460"
22-Mar-23,416,418.4,413.75,416.1,"5,728,054"
21-Mar-23,412.85,413.9,407.7,412.55,"7,391,950"
20-Mar-23,415.6,416.95,405.5,410.75,"10,075,022"
17-Mar-23,419,423.45,414.55,419,"8,658,701"
16-Mar-23,413.3,418.5,405,415.7,"11,854,885"
15-Mar-23,422,425,410.1,411.35,"7,681,009"
14-Mar-23,422.85,424.2,413.4,416.65,"9,189,043"
13-Mar-23,436.1,437,419.1,422.4,"8,780,169"
10-Mar-23,433,437.8,430.8,435.85,"10,417,015"
09-Mar-23,439.1,442.05,431.3,432.2,"5,696,737"
08-Mar-23,439,441.25,436.1,439.3,"7,850,052"
06-Mar-23,430.95,441.45,430,440.1,"11,307,064"
03-Mar-23,422.6,430.5,421.95,428,"8,027,522"
02-Mar-23,426,426.25,419.55,420.45,"5,661,103"
01-Mar-23,421.5,428,421.5,426,"7,595,114"
28-Feb-23,419,424.8,419,420.7,"9,652,088"
27-Feb-23,427.75,428.05,413.05,417.95,"10,438,928"
24-Feb-23,435.4,436.7,427,427.75,"7,895,024"
23-Feb-23,428.65,436.45,427.2,433.2,"9,278,920"
22-Feb-23,435.3,435.85,428.25,429.45,"7,209,130"
21-Feb-23,445.2,445.2,435.25,436.5,"8,957,930"
20-Feb-23,441.8,445.3,436.25,443,"9,717,197"
17-Feb-23,436,442.45,436,439.9,"6,955,445"
16-Feb-23,445,448.25,440.5,441.6,"7,670,688"
15-Feb-23,438.5,444.9,438.15,444.15,"9,857,016"
14-Feb-23,442,444.3,434.4,440.55,"8,565,559"
13-Feb-23,445.5,446.9,438.9,441.05,"8,333,767"
10-Feb-23,437.95,447.8,431.2,445.85,"14,798,390"
09-Feb-23,440,440.7,433.55,436.75,"7,349,418"
08-Feb-23,435.45,441,431.55,440.1,"8,668,267"
07-Feb-23,441.7,443.4,432.9,435.45,"9,023,645"
06-Feb-23,444.45,447,439.55,442,"6,795,084"
03-Feb-23,447,450.8,442.35,445.45,"13,067,403"
02-Feb-23,446.75,449.2,440.7,444.8,"11,344,554"
01-Feb-23,456.8,461.5,437.65,446.65,"23,798,589"
31-Jan-23,443.7,454.8,440.9,452.1,"25,154,475"
30-Jan-23,445.6,450,437.65,443.65,"18,316,743"
27-Jan-23,438,453.4,435.15,445.6,"63,360,467"
25-Jan-23,423.75,427.25,417.7,419.05,"22,975,581"
24-Jan-23,410,424,410,422.15,"30,197,475"
23-Jan-23,407,410.95,405,408.4,"13,113,183"
20-Jan-23,404,412.5,401.2,403.15,"23,906,114"
19-Jan-23,406.5,407.8,400.1,400.75,"13,126,520"
18-Jan-23,415.9,415.95,407.45,408.4,"13,310,316"
17-Jan-23,413,419.45,412.5,415.3,"12,337,969"
16-Jan-23,413.5,414.9,407.6,413,"11,462,140"
13-Jan-23,413,416.35,408,411.5,"10,449,630"
12-Jan-23,420.3,420.5,410.05,412.25,"12,479,034"
11-Jan-23,415.75,420,413.55,418.2,"22,224,361"
10-Jan-23,400,417.75,400,412.9,"54,021,379"
09-Jan-23,386.35,392.7,385,389.45,"14,693,099"
06-Jan-23,386.1,388.4,381,382,"8,715,469"
05-Jan-23,387.9,388.75,382.5,386.9,"10,443,908"
04-Jan-23,394.8,394.8,385,385.6,"16,121,049"
03-Jan-23,396,398.35,393,393.9,"9,431,220"
02-Jan-23,392.5,396,391,394.8,"10,501,357"
30-Dec-22,391,392.2,387,387.95,"9,198,673"
29-Dec-22,389,390,383.05,385.9,"15,627,403"
28-Dec-22,394,395.9,390.4,391.3,"8,443,917"
27-Dec-22,390,397.45,388.5,394.15,"14,372,461"
26-Dec-22,380.25,390.7,375.2,384.8,"16,979,026"
23-Dec-22,390,390,377,378.35,"19,902,886"
22-Dec-22,404.1,404.7,390.2,394.45,"14,908,929"
21-Dec-22,412.6,414.4,401,402.6,"11,606,059"
20-Dec-22,418,418,408,410.5,"12,341,042"
19-Dec-22,421.9,422.85,415.5,418,"9,809,103"
16-Dec-22,417.35,427.8,413.1,421.6,"50,949,198"
15-Dec-22,418.85,422.8,415.7,416.7,"7,542,601"
14-Dec-22,420.55,421.35,417.35,417.9,"6,314,883"
13-Dec-22,419.95,421.5,417.25,418.5,"9,717,894"
12-Dec-22,412,416.9,408,414.15,"8,009,229"
09-Dec-22,419.3,420.95,409.55,413.3,"9,920,219"
08-Dec-22,421,421.4,415.35,417.2,"9,539,923"
07-Dec-22,428,428,419.1,420.1,"12,133,315"
06-Dec-22,428.8,431.35,425.35,427.1,"8,461,831"
05-Dec-22,435.5,437.5,427.8,428.75,"12,857,807"
02-Dec-22,439,441.15,435,435.4,"8,352,658"
01-Dec-22,443,443.6,436.85,438.25,"8,909,310"
30-Nov-22,435,441,433.3,439.4,"14,727,892"
29-Nov-22,432.5,437.9,429.55,433.15,"8,630,105"
28-Nov-22,435,440.35,432.4,433.25,"10,701,208"
25-Nov-22,425,435.15,424,433.2,"18,764,073"
24-Nov-22,424.5,425.25,420.7,423.4,"6,768,613"
23-Nov-22,426.85,429.3,422.85,424.05,"6,568,241"
22-Nov-22,421,426.4,420.5,424.7,"6,407,614"
21-Nov-22,425.6,427.6,420,421.1,"9,497,812"
18-Nov-22,424,426.45,421.15,423.8,"9,851,962"
17-Nov-22,422,427.55,419.6,423.15,"15,621,809"
16-Nov-22,436.95,438.2,429.6,431.55,"8,206,169"
15-Nov-22,434.9,438.5,434.1,437.15,"10,696,024"
14-Nov-22,424,437.7,423.5,433.7,"17,996,083"
11-Nov-22,420,425.5,414.7,423.5,"19,296,401"
10-Nov-22,420.5,420.55,409.2,412.2,"26,251,660"
09-Nov-22,439.2,441.2,432,433.15,"14,471,443"
07-Nov-22,428.25,437.5,428.25,435,"15,058,076"
04-Nov-22,418.2,426,416.9,425.35,"12,277,023"
03-Nov-22,419.4,423.3,414.5,416.25,"10,987,519"
02-Nov-22,423.05,425.1,420.15,422.15,"12,433,578"
01-Nov-22,414.9,422.4,412.8,421.35,"17,324,893"
31-Oct-22,414.35,416.3,411.6,412.75,"9,928,218"
28-Oct-22,408,411.2,406.1,409.9,"12,488,938"
27-Oct-22,408.55,411.7,404,407.7,"14,614,841"
25-Oct-22,404.35,410.5,403.2,404.55,"17,979,661"
24-Oct-22,406,406,400.15,401.6,"2,871,205"
21-Oct-22,397,402.25,394.7,398.05,"10,279,618"
20-Oct-22,397,399.9,393.1,398.1,"10,747,183"
19-Oct-22,406.2,406.95,397.3,399.05,"8,648,435"
18-Oct-22,401,406.7,400.7,404.25,"14,215,544"
17-Oct-22,394,398.9,392.5,396.1,"9,543,556"
14-Oct-22,407,409.2,395.3,396.25,"12,875,470"
13-Oct-22,396.55,403.5,394.55,399,"12,584,114"
12-Oct-22,394.55,398.2,391.1,396.55,"14,287,344"
11-Oct-22,397,399.5,391.3,393.35,"14,641,301"
10-Oct-22,403.4,403.4,393.05,395.95,"32,914,630"
07-Oct-22,413.4,414,408.7,412.15,"10,670,854"
06-Oct-22,409.6,417.65,409.5,414.1,"12,771,199"
04-Oct-22,406,408.95,402.9,407.9,"12,761,425"
03-Oct-22,405.5,406.55,395.5,397.65,"20,332,430"
30-Sep-22,398,408.25,392.5,404.6,"20,951,277"
29-Sep-22,411,413.25,399.6,402.25,"20,725,995"
28-Sep-22,394.9,406.6,392.85,399.1,"18,114,880"
27-Sep-22,403.9,404,390.35,398.8,"21,932,747"
26-Sep-22,416,417.9,393.15,397.5,"33,230,938"
23-Sep-22,431.9,431.9,420.55,423.1,"13,441,609"
22-Sep-22,425,434.6,422.55,432.2,"13,600,786"
21-Sep-22,433.95,436,425.5,427.65,"10,831,068"
20-Sep-22,430.6,443.35,430.6,434.25,"17,557,661"
19-Sep-22,431.5,431.6,424.05,425.45,"15,236,142"
16-Sep-22,446,446.4,429.1,432.5,"20,992,324"
15-Sep-22,452.4,455.85,446.05,447.25,"10,356,713"
14-Sep-22,447.6,454.7,447,450.2,"10,360,461"
13-Sep-22,454.3,458.95,453.55,456.8,"10,661,280"
12-Sep-22,447.7,453,447,451,"8,962,633"
09-Sep-22,447.5,449.65,440.6,445.9,"14,294,289"
08-Sep-22,452.45,452.55,440,442.2,"19,336,014"
07-Sep-22,453.2,456.5,443.65,445.85,"20,764,508"
06-Sep-22,462.7,463.7,456.6,457.75,"9,805,875"
05-Sep-22,459.75,463.95,457,459,"9,378,108"
02-Sep-22,470.85,471.8,460.15,461.75,"10,806,707"
01-Sep-22,462.5,474.4,462.15,466.9,"13,385,159"
30-Aug-22,458.65,472.4,457.1,471.1,"14,421,066"
29-Aug-22,451,456.9,450.15,453.35,"11,647,725"
26-Aug-22,465,470.45,463.95,465.05,"11,252,560"
25-Aug-22,466,468.8,457.4,459.2,"11,255,809"
24-Aug-22,459,464.9,457.7,463.2,"12,214,113"
23-Aug-22,449,462.1,447.6,460.45,"17,779,238"
22-Aug-22,468.5,468.95,452.55,454.6,"15,050,653"
19-Aug-22,486.75,488.1,468.1,471,"16,636,593"
18-Aug-22,484,486.8,479.25,484.8,"12,070,974"
17-Aug-22,490.9,494.4,484.2,485.4,"15,948,755"
16-Aug-22,479.6,491.4,478.2,489.85,"16,796,376"
12-Aug-22,475.75,481.45,470,477.55,"13,482,890"
11-Aug-22,482.55,485,475.6,476.65,"12,777,503"
10-Aug-22,470,477.2,463.35,475.55,"13,360,759"
08-Aug-22,466,471.9,464.45,468.25,"10,561,754"
05-Aug-22,468.9,472.9,464,465.25,"11,917,799"
04-Aug-22,473.15,473.95,456.45,468.9,"18,540,405"
03-Aug-22,475,476.25,459.6,467.8,"19,125,906"
02-Aug-22,478.9,479.9,469.25,476.25,"19,065,689"
01-Aug-22,451.95,481,451.05,479.2,"43,084,536"
29-Jul-22,445.15,452.7,445.15,449.6,"16,004,096"
28-Jul-22,440.25,449.25,427.4,442.25,"36,380,444"
27-Jul-22,441.15,445,436.1,444.05,"10,081,023"
26-Jul-22,448.7,448.7,439.75,441.15,"11,563,528"
25-Jul-22,456,457.6,446.3,449.55,"12,505,062"
22-Jul-22,456.6,459.95,452.3,454.9,"10,340,910"
21-Jul-22,452.95,455.5,450.1,454.85,"10,931,800"
20-Jul-22,454.35,460.75,451.75,453.45,"17,154,184"
19-Jul-22,446.75,451.85,444.45,449.05,"11,553,440"
18-Jul-22,443.95,453.8,443.2,450.9,"21,185,764"
15-Jul-22,430.65,441.75,429.7,440.2,"15,774,084"
14-Jul-22,428,431.25,423.3,428.05,"10,744,547"
13-Jul-22,432.7,435.85,425.65,427.1,"10,181,698"
12-Jul-22,433,435,428.15,430.55,"9,518,822"
11-Jul-22,438.05,441.2,433.45,437.05,"12,619,654"
08-Jul-22,436.25,443.85,429.3,441.55,"23,730,027"
07-Jul-22,419.9,432.95,419.3,430.85,"17,616,800"
06-Jul-22,414,417.3,410.65,416.35,"12,196,920"
05-Jul-22,415,418.8,410.2,412,"16,771,012"
04-Jul-22,411.55,414.9,405,408.45,"11,525,133"
01-Jul-22,410.65,414.6,402.3,412.7,"14,725,989"
30-Jun-22,418.3,424,410,411.8,"20,121,916"
29-Jun-22,412.05,419.9,411.55,416.95,"13,104,313"
28-Jun-22,411.3,418.2,409.15,417.1,"13,238,339"
27-Jun-22,417.55,419.45,412.35,414.5,"12,018,949"
24-Jun-22,410,412.85,406.15,409.3,"14,806,456"
23-Jun-22,396.3,409.9,394.55,407.2,"26,514,004"
22-Jun-22,396.4,397,390.5,393.1,"12,426,604"
21-Jun-22,389,399,387,397.6,"14,743,366"
20-Jun-22,390.55,392.95,376.65,382.7,"17,049,013"
17-Jun-22,387.95,394.45,382.65,388.95,"24,824,899"
16-Jun-22,420,420.9,390.1,392.95,"22,261,032"
15-Jun-22,410,416.4,407.45,414.1,"15,192,826"
14-Jun-22,403,411.85,397.7,405.15,"19,626,627"
13-Jun-22,414.9,418.15,405.6,406.7,"17,442,641"
10-Jun-22,423,428.85,422,428.05,"11,914,234"
09-Jun-22,431.9,435.65,426.1,428.5,"13,043,367"
08-Jun-22,438.7,440.4,432,435.65,"12,844,475"
07-Jun-22,432.5,438.2,429.1,435.85,"11,153,869"
06-Jun-22,427.9,433.95,424.6,432.35,"11,896,105"
03-Jun-22,444.9,445.05,430.5,431.9,"12,780,122"
02-Jun-22,445,445.6,435.65,439.15,"12,742,438"
01-Jun-22,445.1,446,439.6,444.6,"11,930,669"
31-May-22,443.95,449.5,440.4,443.55,"22,308,219"
30-May-22,437,445.2,436,442.4,"18,500,266"
27-May-22,426.05,433.25,425.2,429.6,"16,867,431"
26-May-22,422,422.65,405,420.65,"17,712,299"
25-May-22,428.45,429,413.45,417,"13,540,006"
24-May-22,423.9,427.5,416,425.75,"14,525,617"
23-May-22,421.65,431.15,419.55,421.45,"16,345,308"
20-May-22,410,421.4,410,418,"23,504,236"
19-May-22,400,406.8,396.2,398.65,"17,706,724"
18-May-22,424,427.35,414.05,415.15,"20,490,516"
17-May-22,408.4,425.65,405,424.15,"24,651,585"
16-May-22,411.9,411.9,396.25,405.35,"24,938,704"
13-May-22,387,419.35,387,404.3,"71,425,747"
12-May-22,382,384.65,366.2,372.3,"33,511,538"
11-May-22,396,397,377.55,388.15,"29,215,175"
10-May-22,400,408.5,389.6,391.75,"16,540,303"
09-May-22,407.15,407.4,395,403.95,"18,076,956"
06-May-22,418.85,420.2,407,408.55,"25,142,225"
05-May-22,429,434,423.7,426.3,"12,240,729"
04-May-22,437.95,440.6,420.7,423.5,"14,934,742"
02-May-22,437.95,442.95,428.5,432.85,"18,945,234"
29-Apr-22,440.2,447.75,436,437.6,"21,991,752"
28-Apr-22,434.8,439.2,430.8,436.05,"13,875,650"
27-Apr-22,429.25,432.95,425.1,430.25,"13,701,069"
26-Apr-22,433.9,437.45,431.6,434.9,"13,577,513"
25-Apr-22,432.75,436,423.15,425.15,"14,729,009"
22-Apr-22,442.05,447.25,438,438.85,"14,362,036"
21-Apr-22,444.5,449.35,441.05,448.05,"14,124,872"
20-Apr-22,431,441.7,428.25,440.55,"19,639,290"
19-Apr-22,436.75,440.25,417,424.95,"12,669,041"
18-Apr-22,430,436.35,423.65,433.8,"15,298,361"
13-Apr-22,441.8,442.85,430.1,431.05,"16,817,981"
12-Apr-22,450.8,450.8,435,438.3,"22,698,696"
11-Apr-22,457,458.9,451,452.05,"14,339,854"
08-Apr-22,450,456.25,449.7,452.05,"16,315,704"
07-Apr-22,456.5,459.1,448.5,449.5,"19,950,241"
06-Apr-22,455.9,462.7,452.6,456.15,"24,974,477"
05-Apr-22,450,461.9,448.3,458.05,"28,530,470"
04-Apr-22,444.4,449.5,441.3,446.75,"18,657,201"
01-Apr-22,434,442.25,430.85,441.15,"19,380,324"
31-Mar-22,436,438.3,432.6,433.75,"14,248,045"
30-Mar-22,438.45,442.5,434.25,435.65,"18,149,488"
29-Mar-22,436,439.35,431.4,433.7,"18,710,736"
28-Mar-22,432,434.95,426.5,432.7,"16,757,901"
25-Mar-22,437,437,427.65,432.1,"15,104,414"
24-Mar-22,430,435.4,427.55,433.2,"17,109,723"
23-Mar-22,443.5,447,434.6,435.8,"25,466,395"
22-Mar-22,428.1,441.45,421.2,440.35,"30,441,493"
21-Mar-22,435.5,436.3,427.1,427.95,"18,270,995"
17-Mar-22,432,435.7,429.55,433.8,"26,704,541"
16-Mar-22,427.05,428.55,420.7,424.9,"27,191,170"
15-Mar-22,409.85,424.2,408,413.65,"47,706,136"
14-Mar-22,418.75,419,404,411.7,"40,721,277"
11-Mar-22,413.6,421.15,407.4,418.15,"51,510,243"
10-Mar-22,427,434.95,414,419.6,"59,776,817"
09-Mar-22,394.95,409.25,389.5,405.9,"48,376,222"
08-Mar-22,390.5,395.45,376.35,391.75,"55,543,383"
07-Mar-22,401.75,401.75,387.5,394,"44,836,205"
04-Mar-22,431.85,431.85,414.75,417.25,"38,765,185"
03-Mar-22,458.5,458.5,435,437.1,"29,599,672"
02-Mar-22,452.95,454.25,444.55,447.6,"25,791,134"
28-Feb-22,445,457.35,440.45,454.05,"34,475,468"
25-Feb-22,444.85,465.7,441.6,459.75,"48,876,182"
24-Feb-22,455.95,461.55,405.45,427.95,"57,265,685"
23-Feb-22,481.75,485.4,475.3,477,"17,703,998"
22-Feb-22,480.55,486.3,471.45,478.25,"27,957,544"
21-Feb-22,490.15,500.4,486.1,494.45,"22,592,161"
18-Feb-22,498,502.65,491.5,493.15,"15,476,803"
17-Feb-22,505.9,511.5,498.3,499.95,"27,943,077"
16-Feb-22,504,507.9,496.6,498.45,"20,176,993"
15-Feb-22,476.15,505.5,467.3,504,"30,623,088"
14-Feb-22,487,488.5,468.8,471.45,"22,157,389"
11-Feb-22,503.25,507,497,498.85,"13,534,899"
10-Feb-22,506.7,510.5,504.2,507.45,"14,537,945"
09-Feb-22,496.5,503.7,494.7,501.25,"12,430,730"
08-Feb-22,498,498.5,479.15,492.75,"23,378,623"
07-Feb-22,502.9,504.35,492.5,494.6,"13,392,910"
04-Feb-22,503.8,507.8,499,500.6,"12,663,199"
03-Feb-22,509.1,514.3,502.85,504.5,"15,249,245"
02-Feb-22,508.6,514.45,505.15,506.4,"14,311,040"
01-Feb-22,508,514.75,493,504.3,"48,030,231"
31-Jan-22,505,520,498.2,517.75,"27,306,578"
28-Jan-22,500.5,509.35,495.3,497.3,"21,784,640"
27-Jan-22,480.75,502.7,476.6,494.4,"26,676,094"
25-Jan-22,473.8,492.5,467.65,490.55,"22,565,698"
24-Jan-22,499.7,504.3,473.35,478.45,"25,228,959"
21-Jan-22,510.4,513.85,494.25,501.85,"17,946,821"
20-Jan-22,519.95,523.2,512,515.7,"18,364,451"
19-Jan-22,510,522.2,504.8,520.85,"21,799,071"
18-Jan-22,527.9,528.5,507.15,510.8,"19,353,195"
17-Jan-22,514.8,526.9,512,525,"27,942,414"
14-Jan-22,509,515.4,505.65,509.9,"12,655,602"
13-Jan-22,504,513.8,494.8,511.95,"27,572,553"
12-Jan-22,505.85,511.85,503.5,507.25,"16,255,334"
11-Jan-22,503,507.9,498.15,501.3,"16,269,193"
10-Jan-22,493.1,504.9,491.3,503.7,"25,193,771"
07-Jan-22,490.05,495.5,483.75,490.6,"15,532,165"
06-Jan-22,481.5,492.95,477.1,488.85,"16,563,230"
05-Jan-22,486.95,492.75,483.55,489.75,"15,420,105"
04-Jan-22,496.8,499,484.05,489.6,"24,100,985"
03-Jan-22,493.5,500.85,492,497.6,"32,748,423"
31-Dec-21,472.7,483.6,471.85,482.4,"15,541,446"
30-Dec-21,472.55,476.4,468.6,470.4,"11,923,961"
29-Dec-21,478.75,481.6,474.25,476,"10,263,884"
28-Dec-21,475.2,482.8,472.65,480.2,"22,860,916"
27-Dec-21,465.7,472.45,460.1,471.15,"12,557,565"
24-Dec-21,474.9,474.9,460,467.6,"15,487,368"
23-Dec-21,476,478,470.95,472.35,"12,116,814"
22-Dec-21,458.15,472.15,458.15,470.5,"22,730,750"
21-Dec-21,452.1,460.9,449.85,453.6,"18,838,054"
20-Dec-21,459.9,460,440,447.05,"33,007,516"
17-Dec-21,488,488.85,468.2,470.2,"27,341,178"
16-Dec-21,495,496.5,487.4,491.95,"13,581,352"
15-Dec-21,487.8,497.7,487.25,491.65,"16,263,723"
14-Dec-21,491.95,491.95,483.3,489.4,"17,722,547"
13-Dec-21,499.45,506.4,494.2,495.35,"21,921,272"
10-Dec-21,487.75,496.8,486.55,494.45,"14,567,815"
09-Dec-21,498,498.5,489.55,493.95,"16,951,593"
08-Dec-21,484.5,495.95,483.5,493.9,"20,581,817"
07-Dec-21,476.85,484.9,471,481.8,"21,280,797"
06-Dec-21,480.1,480.9,466,467.2,"17,473,075"
03-Dec-21,480,484.7,477.3,480.1,"20,948,900"
02-Dec-21,479.4,480.45,471.7,479.1,"21,012,008"
01-Dec-21,467.85,478.4,463.55,475.25,"28,256,188"
30-Nov-21,466.55,478,455.65,458.6,"35,471,800"
29-Nov-21,457,470.75,443.1,461.45,"42,819,150"
26-Nov-21,486,486.75,458,460.2,"51,787,989"
25-Nov-21,490.8,495.15,486.5,492.75,"15,336,539"
24-Nov-21,499,501.8,485.3,488.65,"20,915,837"
23-Nov-21,484.4,499.35,477,495.5,"27,553,684"
22-Nov-21,512.25,512.25,478.4,486.1,"40,044,849"
18-Nov-21,531.45,534.2,501.3,509.7,"47,197,742"
17-Nov-21,520.25,536.7,520.25,530.15,"48,463,415"
16-Nov-21,506.9,526.85,506.2,519.05,"55,897,781"
15-Nov-21,506.25,514.9,504.5,505.45,"18,014,977"
12-Nov-21,506.95,509.55,497.35,507.05,"20,731,808"
11-Nov-21,510,519,501,503.45,"29,256,213"
10-Nov-21,506.25,515.95,500.2,510.75,"26,615,777"
09-Nov-21,505,520.65,503.5,509.65,"50,458,762"
08-Nov-21,493.9,504.85,490.25,501.4,"31,736,426"
04-Nov-21,489.8,493.55,488,489.7,"5,531,940"
03-Nov-21,483.8,495,481.6,484.9,"22,950,198"
02-Nov-21,506.5,510,486.5,487.85,"51,580,720"
01-Nov-21,486.45,489.7,469.8,485.7,"34,315,690"
29-Oct-21,482,491.6,467.7,483.7,"31,054,342"
28-Oct-21,493.9,493.9,478.55,481.05,"25,182,748"
27-Oct-21,505.75,506.55,496,497.9,"30,361,263"
26-Oct-21,483.5,510,483.25,508.65,"58,027,770"
25-Oct-21,493.9,496,473.25,479.9,"33,107,841"
22-Oct-21,509.9,510.7,487.4,490.9,"42,742,785"
21-Oct-21,491.75,510.4,485.75,508,"52,608,672"
20-Oct-21,481.8,497,471.25,486.9,"55,444,814"
19-Oct-21,512.45,517.4,476.05,481.9,"57,428,637"
18-Oct-21,507,525,503.6,509.6,"72,322,623"
14-Oct-21,530,530,492,497.6,"103,630,901"
13-Oct-21,462.9,523.85,462.9,506.9,"197,949,387"
12-Oct-21,423,435.7,413.6,420.85,"97,349,265"
11-Oct-21,390.15,420.9,388,415.75,"113,404,983"
08-Oct-21,385.9,397.55,380,382.95,"93,728,117"
07-Oct-21,341.1,383,339.25,376.5,"163,238,084"
06-Oct-21,347,348.7,335,336.05,"25,272,592"
05-Oct-21,340.45,351.5,338.85,344.95,"31,861,985"
04-Oct-21,336.8,343.25,335.15,342,"29,553,072"
01-Oct-21,332.65,337.3,325.7,333.3,"29,877,695"
30-Sep-21,331.25,337.9,329.1,333.35,"30,268,517"
29-Sep-21,325,333,324,330.25,"19,740,150"
28-Sep-21,334,336,324.5,329.3,"28,497,009"
27-Sep-21,323.15,333.6,323.15,331.65,"56,305,136"
24-Sep-21,325.1,326.95,316.05,317.95,"28,901,243"
23-Sep-21,313.2,324,313.2,321.5,"52,701,665"
22-Sep-21,303.15,313.8,303,310.1,"29,545,253"
21-Sep-21,298.6,302.7,293.1,301.95,"19,439,330"
20-Sep-21,304.9,310.25,297.3,298.95,"19,632,688"
17-Sep-21,312,315.35,306,308.6,"24,972,069"
16-Sep-21,313.4,315,307.65,311.65,"26,249,369"
15-Sep-21,306.1,313,306.1,311.95,"26,808,872"
14-Sep-21,302.25,307.2,302.2,306.1,"23,234,649"
13-Sep-21,299,302,295.5,301.2,"16,339,860"
09-Sep-21,294,303.5,293.55,298.95,"34,020,970"
08-Sep-21,293.5,298.8,291.6,295.25,"14,920,479"
07-Sep-21,297.35,297.8,290.9,294.6,"14,325,904"
06-Sep-21,297.5,298.95,296,297.45,"16,622,865"
03-Sep-21,292.5,296.45,292,295.55,"16,594,135"
02-Sep-21,295.25,296.3,291.7,293.15,"14,907,001"
01-Sep-21,289,297.4,287.3,295.25,"33,103,168"
31-Aug-21,291.75,291.95,286.1,287.3,"36,951,003"
30-Aug-21,290.1,293.5,289.9,291.95,"17,217,097"
27-Aug-21,282.9,286.8,281.7,285.75,"13,477,390"
26-Aug-21,284.85,287.35,281.65,284.3,"17,864,053"
25-Aug-21,282.8,289.2,282.45,284.4,"31,538,128"
24-Aug-21,278.5,281.5,268.45,279.8,"37,589,121"
23-Aug-21,287.2,288.3,275,276.95,"24,498,294"
20-Aug-21,289.5,290.7,281,283.1,"32,578,752"
18-Aug-21,296.9,297.75,292.6,293.35,"18,004,320"
17-Aug-21,302.8,302.8,292.8,297.7,"25,539,214"
16-Aug-21,305.95,307.85,303.05,303.7,"14,348,786"
13-Aug-21,308.8,311.5,303.05,307.25,"34,922,863"
12-Aug-21,297.3,307.4,297.3,306,"33,652,880"
11-Aug-21,295.3,297.8,286.45,295.45,"20,802,022"
10-Aug-21,297.9,300.2,291,294.2,"15,173,990"
09-Aug-21,300.75,304.2,296.05,298.1,"16,985,859"
06-Aug-21,300.05,303.4,297.65,300.05,"16,001,898"
05-Aug-21,295.5,300.9,292.75,299.7,"20,704,901"
04-Aug-21,304.75,306.45,297.2,298.15,"26,186,248"
03-Aug-21,298.5,304.5,297.7,303.7,"31,063,992"
02-Aug-21,299.15,299.4,295.6,296.85,"19,273,390"
30-Jul-21,294,300,293.25,293.95,"30,589,609"
29-Jul-21,287.55,295.4,287.55,292.9,"57,733,359"
28-Jul-21,290,290.9,283.6,284.45,"36,139,725"
27-Jul-21,293,297.65,288.6,291.4,"55,132,877"
26-Jul-21,295,297,291,293.15,"27,502,360"
23-Jul-21,300.5,301.9,295,295.55,"33,435,130"
22-Jul-21,305.5,307.45,301.05,302.55,"21,338,361"
20-Jul-21,307,308,301.05,302.15,"27,672,567"
19-Jul-21,308.95,310.3,306,308.85,"21,346,348"
16-Jul-21,311.1,315.45,310.5,311.25,"25,148,606"
15-Jul-21,310.5,312.85,307.6,310.25,"23,617,599"
14-Jul-21,310,313.3,308.65,309.55,"21,863,250"
13-Jul-21,310,312.25,308.15,310.95,"25,736,308"
12-Jul-21,310.8,312,306.1,307.45,"32,282,319"
09-Jul-21,305.8,308.85,301.85,306.3,"48,807,214"
08-Jul-21,314.8,314.8,305,306.35,"87,360,324"
07-Jul-21,316,319.1,306.25,317.1,"112,183,313"
06-Jul-21,348,358.2,311.5,316.9,"164,083,830"
05-Jul-21,347.05,350.1,344,346.1,"18,399,524"
02-Jul-21,345.3,345.55,340.5,344.9,"18,304,387"
01-Jul-21,341.5,347.4,341.2,344.25,"27,944,816"
30-Jun-21,342,345.35,338.85,339.6,"18,277,841"
29-Jun-21,342.65,346.5,339.6,341.55,"22,462,297"
28-Jun-21,340.8,345,337.55,342.8,"17,843,975"
25-Jun-21,335.9,342.8,335.9,339.65,"22,426,352"
24-Jun-21,335,337.4,333.35,334.65,"15,580,223"
23-Jun-21,341,343.25,334.3,335.25,"25,741,628"
22-Jun-21,337.1,344.3,336.15,337.9,"26,708,459"
21-Jun-21,330.9,335.8,326.2,334.3,"29,123,887"
18-Jun-21,345.65,346.9,329,337.4,"49,440,514"
17-Jun-21,348.4,352.9,342.25,345.65,"29,236,974"
16-Jun-21,350.1,356,348.1,349.35,"27,550,588"
15-Jun-21,355.75,360.75,351.5,352.7,"35,526,159"
14-Jun-21,350.05,357.9,341.1,355.95,"38,482,142"
11-Jun-21,346,352.9,344.35,350.75,"36,441,967"
10-Jun-21,345.2,347.85,342.4,344.75,"24,351,860"
09-Jun-21,356.2,358.9,339.75,343.35,"59,334,814"
08-Jun-21,346.25,356.65,337.5,352.75,"44,104,954"
07-Jun-21,339.75,351,339.75,345.5,"64,986,814"
04-Jun-21,325.15,336.9,324.25,334.95,"41,278,749"
03-Jun-21,325.3,327.7,323.65,325.65,"21,408,371"
02-Jun-21,315.95,324.4,315.6,323,"26,323,777"
01-Jun-21,319.2,325.7,317.3,318.1,"32,595,728"
31-May-21,318.7,319.75,312.1,318.75,"30,917,309"
28-May-21,322.65,324.5,316.5,318.75,"26,618,815"
27-May-21,317.05,323.45,316.55,318.6,"49,484,106"
26-May-21,316.1,320,314.8,315.5,"28,639,717"
25-May-21,315.55,319,313.85,315.25,"37,382,263"
24-May-21,314.75,315.8,310.2,311.85,"31,963,997"
21-May-21,312,315.7,309.5,313.1,"40,358,753"
20-May-21,316,316.6,306.1,307.7,"54,043,899"
19-May-21,313,322.95,312.1,314.45,"119,407,026"
18-May-21,325.95,336.65,324,332.45,"86,153,088"
17-May-21,315.4,323.85,311.4,321.1,"51,162,423"
14-May-21,329.35,329.5,310,312.25,"81,305,325"
12-May-21,318.25,334.75,316.25,326,"111,584,920"
11-May-21,309.55,320.75,308.1,315.55,"58,472,304"
10-May-21,304.5,315.7,304,314.85,"53,260,388"
07-May-21,303,305.95,300.5,302.75,"41,591,323"
06-May-21,291.5,302,290.3,301.25,"45,032,502"
05-May-21,293.5,293.9,288.5,291.5,"29,350,536"
04-May-21,296.35,299.75,288.05,289.45,"38,640,006"
03-May-21,289.3,294.75,285,293,"35,376,618"
30-Apr-21,298.2,301.3,292.55,293.85,"36,121,668"
29-Apr-21,308.9,310,301.25,301.9,"36,647,292"
28-Apr-21,303.5,309.5,303,305.9,"44,668,126"
27-Apr-21,295.7,302.5,295.1,301.5,"35,040,532"
26-Apr-21,297,299,294.6,295.4,"30,583,139"
23-Apr-21,291,300,290.5,294,"58,158,986"
22-Apr-21,294,302.5,292.2,294.55,"61,022,978"
20-Apr-21,307.7,308.15,294.2,298.05,"56,740,291"
19-Apr-21,295,304.5,292.8,301.4,"65,791,784"
16-Apr-21,302,315,300.15,310,"75,330,709"
15-Apr-21,303,307.55,296.5,303.5,"75,262,749"
13-Apr-21,287.25,304.55,280.55,302.85,"116,874,853"
12-Apr-21,307.85,307.85,282.9,286.55,"105,342,538"
09-Apr-21,313.2,325,312.5,318.2,"75,462,572"
08-Apr-21,307.9,319.8,307.5,313.95,"62,459,774"
07-Apr-21,306.75,310.65,305.1,307.8,"39,073,986"
06-Apr-21,306.15,313.8,304.8,307.75,"63,031,783"
05-Apr-21,306.8,311.7,297.2,305.05,"66,178,755"
01-Apr-21,306.75,309.85,303.05,307.75,"44,088,352"
31-Mar-21,299,307.5,297.5,301.8,"58,569,012"
30-Mar-21,300.5,301.3,292.7,297.05,"45,257,233"
26-Mar-21,290.5,301.4,290.5,296.4,"80,924,011"
25-Mar-21,294,294,282.25,285.55,"84,528,317"
24-Mar-21,303.55,305,293.2,294.45,"61,523,819"
23-Mar-21,305,312.25,304,307.4,"60,240,483"
22-Mar-21,306.45,307.5,300.1,303.05,"56,385,019"
19-Mar-21,303.5,311,290.2,308.95,"109,932,681"
18-Mar-21,311,316.6,299.75,307,"73,731,921"
17-Mar-21,318.6,320,304,305.8,"47,262,481"
16-Mar-21,321,321.9,315.1,319.95,"39,267,404"
15-Mar-21,320,320.4,310.05,318.55,"45,081,385"
12-Mar-21,325.05,326.5,314.15,317.55,"48,360,842"
10-Mar-21,319.5,324.45,316.7,321.45,"58,643,853"
09-Mar-21,325,328.35,309.6,315.2,"74,702,208"
08-Mar-21,331.75,331.75,318.8,321.25,"81,925,952"
05-Mar-21,333,337.85,319.7,325.15,"86,738,909"
04-Mar-21,339,345.4,337.3,339.2,"59,863,169"
03-Mar-21,348.65,357,346.5,348.5,"92,006,451"
02-Mar-21,331.1,347.2,326.45,345.75,"127,708,761"
01-Mar-21,330,331.85,322.7,328.3,"61,190,868"
26-Feb-21,323,332.95,318.85,322.95,"91,901,339"
25-Feb-21,325.35,334.7,323.25,333.15,"64,514,912"
24-Feb-21,325,330,316.5,321.65,"50,821,757"
23-Feb-21,308.5,328.9,308.5,324,"133,310,157"
22-Feb-21,312.45,313.9,302.15,304.5,"57,723,298"
19-Feb-21,321.95,321.95,301.4,311.85,"80,274,683"
18-Feb-21,331.5,331.75,321.1,323.85,"49,204,247"
17-Feb-21,326.9,334.25,325.45,330.15,"52,150,941"
16-Feb-21,335.45,337.9,327.5,329.2,"65,943,843"
15-Feb-21,329.9,335.8,324,333.35,"78,680,452"
12-Feb-21,326.4,330.5,321.25,325.4,"64,093,642"
11-Feb-21,326.45,331.35,323.4,325,"55,257,166"
10-Feb-21,326,332.65,319.5,328.9,"93,466,949"
09-Feb-21,337,338.5,322.2,325.05,"105,981,081"
08-Feb-21,318.75,339.25,318,335.95,"102,123,614"
05-Feb-21,327.6,330,312.6,315.9,"103,512,235"
04-Feb-21,329,334.5,322.45,326.15,"121,033,002"
03-Feb-21,339.2,341.9,326.2,331,"224,190,114"
02-Feb-21,293.6,328.85,290.4,322,"251,965,965"
01-Feb-21,269.75,282,255.35,279.6,"165,655,500"
29-Jan-21,273,278.8,260.6,262.7,"138,442,348"
28-Jan-21,260.05,273.4,259.05,266.8,"129,156,876"
27-Jan-21,274.9,275,265.7,267.5,"126,586,833"
25-Jan-21,296.9,299.5,277.35,279.15,"164,346,913"
22-Jan-21,295.95,306.9,278.35,289.35,"316,008,609"
21-Jan-21,281,299,280,290.6,"283,614,463"
20-Jan-21,260,277.5,258.85,274.9,"205,145,151"
19-Jan-21,251.5,261.7,251.3,258.65,"136,861,059"
18-Jan-21,261.65,262.45,241.15,245.95,"173,383,224"
15-Jan-21,246,264.65,242.6,260.3,"250,038,029"
14-Jan-21,242.85,249.8,238.6,245.1,"86,819,519"
13-Jan-21,242.9,248.8,238.4,242.6,"164,649,387"
12-Jan-21,227,252.4,224.1,237.8,"390,577,839"
11-Jan-21,199.9,225.4,199.65,220.65,"182,483,100"
08-Jan-21,198.75,201.5,197.1,198.15,"53,991,568"
07-Jan-21,197,200.35,195.1,196.75,"66,024,848"
06-Jan-21,194.45,197.6,190.65,195.4,"75,621,947"
05-Jan-21,187.1,193.9,185.05,193.2,"75,752,593"
04-Jan-21,191.8,193,188.75,191.3,"63,980,597"
01-Jan-21,184.95,187,184.5,186.5,"27,334,421"
31-Dec-20,184.85,187.5,182.8,183.85,"48,978,310"
30-Dec-20,183.1,185.4,180.4,184.15,"38,576,159"
29-Dec-20,187.9,188.45,181.1,183.45,"71,318,085"
28-Dec-20,179.85,187.4,179,186.35,"98,012,135"
24-Dec-20,172,178,172,175.95,"73,831,319"
23-Dec-20,165,169.7,163.4,169.2,"56,930,071"
22-Dec-20,164.55,169.2,156.7,164.95,"110,009,846"
21-Dec-20,176,177.55,162.5,164.55,"75,582,907"
18-Dec-20,180.9,181.5,176.65,180.55,"46,065,197"
17-Dec-20,184,184,180.65,181.7,"34,101,954"
16-Dec-20,181,183.8,180.1,182.55,"51,259,394"
15-Dec-20,176.45,179.7,173.25,178.9,"41,190,341"
14-Dec-20,181,181.5,176.7,177.65,"33,186,273"
11-Dec-20,177.95,181.45,176.5,178.85,"43,065,542"
10-Dec-20,182.7,182.7,176.4,177.6,"38,368,777"
09-Dec-20,183,186.4,181.65,182.7,"40,300,535"
08-Dec-20,184.95,185.7,178.95,181.8,"42,143,391"
07-Dec-20,184.45,186.45,182.7,183.55,"29,802,472"
04-Dec-20,186.5,188.8,182.2,184.15,"47,995,639"
03-Dec-20,185,186,183.25,184.85,"33,332,481"
02-Dec-20,184,187.35,181.1,183.6,"88,107,889"
01-Dec-20,182.35,182.4,178.1,179.75,"48,881,250"
27-Nov-20,174.65,183.85,174.65,180.35,"125,926,062"
26-Nov-20,171.6,175,171.05,173.75,"39,094,724"
25-Nov-20,175,176.8,169.25,171.45,"54,366,608"
24-Nov-20,171.85,175.5,171.1,172.05,"47,695,247"
23-Nov-20,169.5,173.9,165.55,170.7,"54,566,251"
20-Nov-20,170.05,171.55,165.55,169.1,"66,935,703"
19-Nov-20,171.4,176.35,166.55,167.95,"109,449,407"
18-Nov-20,158.85,178.8,158.55,173.5,"171,801,183"
17-Nov-20,152.5,159.35,152.2,158,"82,644,841"
14-Nov-20,148.7,150.8,148,148.85,"11,749,453"
13-Nov-20,150,150,145.35,146.35,"32,566,537"
12-Nov-20,150.95,153.85,150,151.2,"56,145,517"
11-Nov-20,146.5,151.5,145.65,150.95,"78,583,629"
10-Nov-20,144.05,146.7,142.75,146,"68,794,369"
09-Nov-20,140.6,141.5,138.7,141,"40,277,460"
06-Nov-20,137.65,142.3,137.65,139,"67,966,815"
05-Nov-20,137,138,136,137.65,"38,928,602"
04-Nov-20,135.6,137,134,135.9,"44,675,934"
03-Nov-20,135,137.4,133.55,134.1,"52,071,476"
02-Nov-20,133.65,134,131.1,132.85,"40,388,690"
30-Oct-20,133.2,134.5,130.3,132.65,"51,128,530"
29-Oct-20,132,133,130,131.9,"66,632,704"
28-Oct-20,139,143.25,133.5,134.8,"152,359,338"
27-Oct-20,134.15,136.75,130.85,135.65,"56,856,159"
26-Oct-20,138.4,140.8,131.25,133.7,"88,531,579"
23-Oct-20,134.9,138.9,134.1,137,"68,711,352"
22-Oct-20,129.7,134.6,128.45,133.5,"48,808,592"
21-Oct-20,131.05,133.1,128.3,130.25,"39,252,663"
20-Oct-20,128.1,130.3,126.35,129.65,"27,465,829"
19-Oct-20,129.8,130.4,127.8,128.25,"33,157,664"
16-Oct-20,129.4,130.05,126,127.75,"62,553,775"
15-Oct-20,131.5,134.35,126.5,126.95,"64,002,864"
14-Oct-20,133.75,134.65,128.8,130.7,"45,791,440"
13-Oct-20,135.4,137.1,132.85,134.1,"38,973,506"
12-Oct-20,139.65,139.65,133,135.9,"39,279,109"
09-Oct-20,141.15,142.65,138,138.45,"37,097,190"
08-Oct-20,142.85,143.5,139.6,140.95,"40,900,948"
07-Oct-20,144.25,144.5,139.8,141,"68,273,641"
06-Oct-20,138,145.8,136,144.75,"161,987,221"
05-Oct-20,136.95,137.5,132.05,133.9,"55,268,322"
01-Oct-20,135.9,136.5,132.55,133.5,"40,491,744"
30-Sep-20,131.55,134.4,130.3,133.3,"48,859,088"
29-Sep-20,134.95,136,130.7,131.7,"63,366,932"
28-Sep-20,128.9,134.3,127.5,132.85,"61,830,817"
25-Sep-20,123.7,128.35,123.1,127.25,"65,040,759"
24-Sep-20,127.9,128.8,122.15,122.8,"62,420,957"
23-Sep-20,135.5,136.7,127.9,131.4,"74,981,613"
22-Sep-20,138,138.15,129.65,133.1,"87,298,020"
21-Sep-20,147.75,147.75,135.5,137.45,"64,734,493"
18-Sep-20,148.7,150.5,146.25,147.9,"46,270,863"
17-Sep-20,150.8,151,146.2,147.65,"48,119,360"
16-Sep-20,149.2,154.3,148.55,151.45,"85,056,501"
15-Sep-20,149.4,149.4,146.55,148.4,"42,886,817"
14-Sep-20,147.2,151.1,145.5,148.55,"84,505,930"
11-Sep-20,143.1,146.8,141.65,144.3,"65,135,339"
10-Sep-20,142.8,144.5,138,143.3,"79,606,504"
09-Sep-20,141,141.75,135.7,140.1,"105,355,010"
08-Sep-20,149.45,149.6,141.2,142.3,"76,286,731"
07-Sep-20,150,152,148,149.4,"82,617,101"
04-Sep-20,147.9,153.65,147,147.8,"95,560,889"
03-Sep-20,151.6,155.2,149.55,151.85,"110,156,350"
02-Sep-20,144.3,151.65,141.45,150.3,"74,947,929"
01-Sep-20,143.4,145.15,140.4,143.8,"58,811,543"
31-Aug-20,144.5,147.95,138.2,143.2,"160,564,488"
28-Aug-20,144.15,146.2,140.5,142.8,"95,194,825"
27-Aug-20,140.1,146.85,139.3,144.25,"181,380,747"
26-Aug-20,130.5,139,128.35,137.9,"197,510,376"
25-Aug-20,121.8,128.35,121.1,127.1,"90,263,366"
24-Aug-20,122,123,120.8,121.2,"31,294,253"
21-Aug-20,124.2,124.2,120.15,120.9,"48,650,204"
20-Aug-20,123.45,125.65,121.1,121.7,"43,530,882"
19-Aug-20,127,127.6,124.75,125.15,"45,128,613"
18-Aug-20,124,127.5,123.6,125.6,"62,153,763"
17-Aug-20,124.5,126.25,120.6,123.55,"61,154,250"
14-Aug-20,131.15,132.65,123.7,124.6,"75,032,834"
13-Aug-20,126.1,131.9,124.4,131.15,"95,489,249"
12-Aug-20,121,126.4,120.6,125.35,"50,713,617"
11-Aug-20,125,125.8,121.4,122.3,"50,224,665"
10-Aug-20,119.95,124.7,119.7,123.85,"71,093,810"
07-Aug-20,117,119.7,116,119.1,"56,489,390"
06-Aug-20,116.2,117.7,115.5,116.8,"60,092,530"
05-Aug-20,112.4,117.65,112,115.4,"99,371,050"
04-Aug-20,112.95,115.1,110.8,111.45,"95,906,477"
03-Aug-20,103,114.4,102.9,113.05,"194,765,344"
31-Jul-20,104,105.4,102.3,104.65,"33,809,018"
30-Jul-20,106.4,106.75,102.85,103.65,"33,378,340"
29-Jul-20,108.1,108.75,104.85,105.75,"44,561,639"
28-Jul-20,102.3,107.2,102,106.45,"64,271,161"
27-Jul-20,104,104.5,101.3,101.7,"29,644,533"
24-Jul-20,104.7,105.5,102.7,103.75,"39,363,520"
23-Jul-20,105.45,106.45,104.7,106.05,"30,722,413"
22-Jul-20,108.5,109.75,104.25,105.15,"50,735,592"
21-Jul-20,106,109.7,105.5,108.45,"66,008,143"
20-Jul-20,106.35,106.35,103.85,105.05,"39,786,731"
17-Jul-20,103.65,106.95,103.3,106.4,"42,080,157"
16-Jul-20,103.95,103.95,100.6,102.95,"44,333,785"
15-Jul-20,106.8,106.8,102.5,103.2,"49,687,046"
14-Jul-20,106.9,107.55,104.1,105.15,"46,924,623"
13-Jul-20,108.85,112.1,106.85,108,"81,893,001"
10-Jul-20,106.7,108.6,105.4,107.6,"64,694,173"
09-Jul-20,106.3,108.95,104.65,106.95,"54,492,650"
08-Jul-20,109.5,110.85,104.2,105.35,"55,887,256"
07-Jul-20,109.8,112.6,108.05,109.05,"85,835,716"
06-Jul-20,105,109.9,104.5,109,"91,970,198"
03-Jul-20,102.85,106.35,102.1,103.45,"87,310,642"
02-Jul-20,100.75,102.95,100.4,101.55,"48,083,736"
01-Jul-20,99,101.45,98.2,100.75,"50,857,376"
30-Jun-20,101.75,102.3,97.3,98.25,"50,764,363"
29-Jun-20,101.4,101.4,98.05,99.45,"43,274,006"
26-Jun-20,105.4,106.05,100.35,101.4,"56,327,855"
25-Jun-20,103.85,106.3,101.65,103.8,"63,198,285"
24-Jun-20,105.25,110.8,104.2,104.8,"125,457,492"
23-Jun-20,103,106,101.9,104.4,"68,638,552"
22-Jun-20,102.35,104.9,101,102.65,"68,545,834"
19-Jun-20,96.5,103.9,95.6,102.5,"135,462,757"
18-Jun-20,95,97.2,94.15,96.35,"58,964,344"
17-Jun-20,93,96.4,91.8,95.4,"110,830,038"
16-Jun-20,102,103.5,92,94.75,"215,476,711"
15-Jun-20,104.65,104.65,100.05,100.5,"69,318,356"
12-Jun-20,98,106.25,98,105.3,"92,989,560"
11-Jun-20,109.9,111.15,105,106.15,"55,485,897"
10-Jun-20,111,113,108.5,111.4,"84,038,431"
09-Jun-20,117.45,117.9,110.25,111.45,"79,473,751"
08-Jun-20,114,119.15,113.35,115.45,"136,943,010"
05-Jun-20,100.45,112.45,99.05,110.75,"187,209,208"
04-Jun-20,99,101.4,96.8,98.5,"72,078,707"
03-Jun-20,100,101.45,97.4,98.75,"90,598,067"
02-Jun-20,90,97.3,89.75,96.5,"125,407,771"
01-Jun-20,88.9,91.2,88,89.55,"71,070,852"
29-May-20,85.55,87.5,84.65,87,"80,813,537"
28-May-20,86,88.15,84.55,87,"96,179,680"
27-May-20,84.1,86,84,84.55,"57,947,903"
26-May-20,83.9,85.7,82.6,83.1,"38,014,864"
22-May-20,83.4,83.9,82,82.8,"29,252,676"
21-May-20,83.1,85.2,82.9,84.1,"37,290,144"
20-May-20,81.25,84.4,80.7,83.45,"36,351,053"
19-May-20,82.5,85.65,81.5,81.8,"65,378,983"
18-May-20,84.5,84.5,79.6,80.65,"44,221,170"
15-May-20,84.7,85.35,82.8,84.35,"38,592,209"
14-May-20,83.95,85.3,82.55,83.8,"46,340,453"
13-May-20,92.5,92.5,86.25,87.2,"68,086,031"
12-May-20,85.95,87.7,83.5,86.2,"77,551,590"
11-May-20,81.45,90.65,81.4,86.1,"152,588,401"
